Row Created Date Time,Metric ID,Metric Description,Metric ID and Description,Grouping Level,Grouping Description,Region or Coverage Category,Age Inpatient Type,Year,Quarter,Numerator,Denominator,Rate,YTD Numerator,YTD Denominator,YTD Rate
01/12/2017 02:26:00 PM,8,100-Day SUD Medication Fill (Refill Anti-Addiction Rx),8 - 100-Day SUD Medication Fill (Refill Anti-Addiction Rx),2,COVERAGE CATEGORY,HIV SNP,Adult(21-64),2014,Q4,34,39,0.872,153,163,0.939
01/12/2017 02:26:00 PM,7,30-Day SUD Medication Fill (1st Anti-Addiction Rx),7 - 30-Day SUD Medication Fill (1st Anti-Addiction Rx),4,COVERAGE CATEGORY BY PROVIDER REGION,MAINSTREAM-REST OF STATE,Adult(21-64),2014,Q1,766,2837,0.27,766,2837,0.27
01/12/2017 02:26:00 PM,8,100-Day SUD Medication Fill (Refill Anti-Addiction Rx),8 - 100-Day SUD Medication Fill (Refill Anti-Addiction Rx),4,COVERAGE CATEGORY BY PROVIDER REGION,HIV SNP-NEW YORK CITY,Adult(21-64),2015,Q4,6,7,0.857,75,79,0.949
01/12/2017 02:26:00 PM,8,100-Day SUD Medication Fill (Refill Anti-Addiction Rx),8 - 100-Day SUD Medication Fill (Refill Anti-Addiction Rx),4,COVERAGE CATEGORY BY PROVIDER REGION,FFS-NEW YORK CITY,Youth(6-20),2014,Q2,3,3,1,5,5,1
01/12/2017 02:26:00 PM,7,30-Day SUD Medication Fill (1st Anti-Addiction Rx),7 - 30-Day SUD Medication Fill (1st Anti-Addiction Rx),1,STATEWIDE,STATEWIDE,Youth(6-20),2015,Q3,34,195,0.174,102,596,0.171
01/12/2017 02:26:00 PM,7,30-Day SUD Medication Fill (1st Anti-Addiction Rx),7 - 30-Day SUD Medication Fill (1st Anti-Addiction Rx),4,COVERAGE CATEGORY BY PROVIDER REGION,FFS-NEW YORK CITY,Adult(21-64),2015,Q4,254,1725,0.147,1200,7038,0.171
01/12/2017 02:26:00 PM,7,30-Day SUD Medication Fill (1st Anti-Addiction Rx),7 - 30-Day SUD Medication Fill (1st Anti-Addiction Rx),4,COVERAGE CATEGORY BY PROVIDER REGION,FFS-REST OF STATE,Adult(21-64),2015,Q2,350,1523,0.23,717,3166,0.226
01/12/2017 02:26:00 PM,7,30-Day SUD Medication Fill (1st Anti-Addiction Rx),7 - 30-Day SUD Medication Fill (1st Anti-Addiction Rx),4,COVERAGE CATEGORY BY PROVIDER REGION,HIV SNP-REST OF STATE,Adult(21-64),2014,Q2,23,78,0.295,42,177,0.237
01/12/2017 02:26:00 PM,8,100-Day SUD Medication Fill (Refill Anti-Addiction Rx),8 - 100-Day SUD Medication Fill (Refill Anti-Addiction Rx),4,COVERAGE CATEGORY BY PROVIDER REGION,MAINSTREAM-NEW YORK CITY,Adult(21-64),2014,Q3,422,463,0.911,1188,1293,0.919
01/12/2017 02:26:00 PM,7,30-Day SUD Medication Fill (1st Anti-Addiction Rx),7 - 30-Day SUD Medication Fill (1st Anti-Addiction Rx),4,COVERAGE CATEGORY BY PROVIDER REGION,FFS-REST OF STATE,Adult(21-64),2014,Q4,369,1658,0.223,1382,6331,0.218
01/12/2017 02:26:00 PM,8,100-Day SUD Medication Fill (Refill Anti-Addiction Rx),8 - 100-Day SUD Medication Fill (Refill Anti-Addiction Rx),3,PROVIDER REGION,NEW YORK CITY,Adult(21-64),2014,Q1,543,604,0.899,543,604,0.899
01/12/2017 02:26:00 PM,8,100-Day SUD Medication Fill (Refill Anti-Addiction Rx),8 - 100-Day SUD Medication Fill (Refill Anti-Addiction Rx),2,COVERAGE CATEGORY,FFS,Adult(21-64),2014,Q2,434,508,0.854,782,925,0.845
01/12/2017 02:26:00 PM,7,30-Day SUD Medication Fill (1st Anti-Addiction Rx),7 - 30-Day SUD Medication Fill (1st Anti-Addiction Rx),4,COVERAGE CATEGORY BY PROVIDER REGION,FFS-REST OF STATE,Adult(21-64),2015,Q1,367,1643,0.223,367,1643,0.223
01/12/2017 02:26:00 PM,7,30-Day SUD Medication Fill (1st Anti-Addiction Rx),7 - 30-Day SUD Medication Fill (1st Anti-Addiction Rx),4,COVERAGE CATEGORY BY PROVIDER REGION,FFS-NEW YORK CITY,Youth(6-20),2015,Q1,3,12,0.25,3,12,0.25
01/12/2017 02:26:00 PM,8,100-Day SUD Medication Fill (Refill Anti-Addiction Rx),8 - 100-Day SUD Medication Fill (Refill Anti-Addiction Rx),3,PROVIDER REGION,REST OF STATE,Adult(21-64),2014,Q1,690,827,0.834,690,827,0.834
01/12/2017 02:26:00 PM,8,100-Day SUD Medication Fill (Refill Anti-Addiction Rx),8 - 100-Day SUD Medication Fill (Refill Anti-Addiction Rx),4,COVERAGE CATEGORY BY PROVIDER REGION,MAINSTREAM-REST OF STATE,Adult(21-64),2015,Q2,635,752,0.844,1280,1523,0.84
01/12/2017 02:26:00 PM,7,30-Day SUD Medication Fill (1st Anti-Addiction Rx),7 - 30-Day SUD Medication Fill (1st Anti-Addiction Rx),4,COVERAGE CATEGORY BY PROVIDER REGION,MAINSTREAM-REST OF STATE,Youth(6-20),2014,Q3,12,94,0.128,43,254,0.169
01/12/2017 02:26:00 PM,7,30-Day SUD Medication Fill (1st Anti-Addiction Rx),7 - 30-Day SUD Medication Fill (1st Anti-Addiction Rx),2,COVERAGE CATEGORY,FFS,Adult(21-64),2015,Q2,655,3221,0.203,1345,6620,0.203
01/12/2017 02:26:00 PM,8,100-Day SUD Medication Fill (Refill Anti-Addiction Rx),8 - 100-Day SUD Medication Fill (Refill Anti-Addiction Rx),3,PROVIDER REGION,NEW YORK CITY,Youth(6-20),2014,Q1,4,4,1,4,4,1
01/12/2017 02:26:00 PM,8,100-Day SUD Medication Fill (Refill Anti-Addiction Rx),8 - 100-Day SUD Medication Fill (Refill Anti-Addiction Rx),4,COVERAGE CATEGORY BY PROVIDER REGION,HIV SNP-REST OF STATE,Adult(21-64),2014,Q2,16,16,1,28,28,1
01/12/2017 02:26:00 PM,8,100-Day SUD Medication Fill (Refill Anti-Addiction Rx),8 - 100-Day SUD Medication Fill (Refill Anti-Addiction Rx),1,STATEWIDE,STATEWIDE,Adult(21-64),2014,Q1,1233,1431,0.862,1233,1431,0.862
01/12/2017 02:26:00 PM,8,100-Day SUD Medication Fill (Refill Anti-Addiction Rx),8 - 100-Day SUD Medication Fill (Refill Anti-Addiction Rx),4,COVERAGE CATEGORY BY PROVIDER REGION,FFS-NEW YORK CITY,Adult(21-64),2014,Q1,164,187,0.877,164,187,0.877
01/12/2017 02:26:00 PM,7,30-Day SUD Medication Fill (1st Anti-Addiction Rx),7 - 30-Day SUD Medication Fill (1st Anti-Addiction Rx),1,STATEWIDE,STATEWIDE,Youth(6-20),2015,Q2,35,210,0.167,68,401,0.17
01/12/2017 02:26:00 PM,8,100-Day SUD Medication Fill (Refill Anti-Addiction Rx),8 - 100-Day SUD Medication Fill (Refill Anti-Addiction Rx),4,COVERAGE CATEGORY BY PROVIDER REGION,FFS-REST OF STATE,Adult(21-64),2015,Q3,226,260,0.869,695,830,0.837
01/12/2017 02:26:00 PM,8,100-Day SUD Medication Fill (Refill Anti-Addiction Rx),8 - 100-Day SUD Medication Fill (Refill Anti-Addiction Rx),4,COVERAGE CATEGORY BY PROVIDER REGION,FFS-REST OF STATE,Adult(21-64),2015,Q2,221,278,0.795,469,570,0.823
01/12/2017 02:26:00 PM,7,30-Day SUD Medication Fill (1st Anti-Addiction Rx),7 - 30-Day SUD Medication Fill (1st Anti-Addiction Rx),4,COVERAGE CATEGORY BY PROVIDER REGION,FFS-REST OF STATE,Adult(21-64),2015,Q4,310,1520,0.204,1369,6248,0.219
01/12/2017 02:26:00 PM,7,30-Day SUD Medication Fill (1st Anti-Addiction Rx),7 - 30-Day SUD Medication Fill (1st Anti-Addiction Rx),1,STATEWIDE,STATEWIDE,Youth(6-20),2015,Q4,30,170,0.176,132,766,0.172
01/12/2017 02:26:00 PM,7,30-Day SUD Medication Fill (1st Anti-Addiction Rx),7 - 30-Day SUD Medication Fill (1st Anti-Addiction Rx),2,COVERAGE CATEGORY,HIV SNP,Adult(21-64),2014,Q4,58,226,0.257,254,1020,0.249
01/12/2017 02:26:00 PM,8,100-Day SUD Medication Fill (Refill Anti-Addiction Rx),8 - 100-Day SUD Medication Fill (Refill Anti-Addiction Rx),4,COVERAGE CATEGORY BY PROVIDER REGION,FFS-NEW YORK CITY,Youth(6-20),2015,Q1,0,2,0,0,2,0
01/12/2017 02:26:00 PM,7,30-Day SUD Medication Fill (1st Anti-Addiction Rx),7 - 30-Day SUD Medication Fill (1st Anti-Addiction Rx),1,STATEWIDE,STATEWIDE,Adult(21-64),2015,Q3,2471,10362,0.238,7096,29552,0.24
01/12/2017 02:26:00 PM,7,30-Day SUD Medication Fill (1st Anti-Addiction Rx),7 - 30-Day SUD Medication Fill (1st Anti-Addiction Rx),1,STATEWIDE,STATEWIDE,Youth(6-20),2015,Q1,33,191,0.173,33,191,0.173
01/12/2017 02:26:00 PM,8,100-Day SUD Medication Fill (Refill Anti-Addiction Rx),8 - 100-Day SUD Medication Fill (Refill Anti-Addiction Rx),4,COVERAGE CATEGORY BY PROVIDER REGION,MAINSTREAM-REST OF STATE,Youth(6-20),2015,Q1,11,13,0.846,11,13,0.846
01/12/2017 02:26:00 PM,8,100-Day SUD Medication Fill (Refill Anti-Addiction Rx),8 - 100-Day SUD Medication Fill (Refill Anti-Addiction Rx),3,PROVIDER REGION,REST OF STATE,Youth(6-20),2015,Q3,17,22,0.773,51,62,0.823
01/12/2017 02:26:00 PM,8,100-Day SUD Medication Fill (Refill Anti-Addiction Rx),8 - 100-Day SUD Medication Fill (Refill Anti-Addiction Rx),2,COVERAGE CATEGORY,FFS,Youth(6-20),2015,Q1,7,10,0.7,7,10,0.7
01/12/2017 02:26:00 PM,7,30-Day SUD Medication Fill (1st Anti-Addiction Rx),7 - 30-Day SUD Medication Fill (1st Anti-Addiction Rx),4,COVERAGE CATEGORY BY PROVIDER REGION,MAINSTREAM-NEW YORK CITY,Youth(6-20),2015,Q2,6,25,0.24,8,52,0.154
01/12/2017 02:26:00 PM,7,30-Day SUD Medication Fill (1st Anti-Addiction Rx),7 - 30-Day SUD Medication Fill (1st Anti-Addiction Rx),2,COVERAGE CATEGORY,MAINSTREAM,Adult(21-64),2015,Q4,1364,5267,0.259,6317,24143,0.262
01/12/2017 02:26:00 PM,8,100-Day SUD Medication Fill (Refill Anti-Addiction Rx),8 - 100-Day SUD Medication Fill (Refill Anti-Addiction Rx),4,COVERAGE CATEGORY BY PROVIDER REGION,FFS-NEW YORK CITY,Adult(21-64),2015,Q2,192,212,0.906,389,435,0.894
01/12/2017 02:26:00 PM,7,30-Day SUD Medication Fill (1st Anti-Addiction Rx),7 - 30-Day SUD Medication Fill (1st Anti-Addiction Rx),1,STATEWIDE,STATEWIDE,Adult(21-64),2014,Q4,2257,9620,0.235,9100,37807,0.241
01/12/2017 02:26:00 PM,7,30-Day SUD Medication Fill (1st Anti-Addiction Rx),7 - 30-Day SUD Medication Fill (1st Anti-Addiction Rx),2,COVERAGE CATEGORY,FFS,Adult(21-64),2014,Q4,669,3523,0.19,2679,13942,0.192
01/12/2017 02:26:00 PM,8,100-Day SUD Medication Fill (Refill Anti-Addiction Rx),8 - 100-Day SUD Medication Fill (Refill Anti-Addiction Rx),4,COVERAGE CATEGORY BY PROVIDER REGION,FFS-NEW YORK CITY,Youth(6-20),2015,Q2,1,1,1,1,3,0.333
01/12/2017 02:26:00 PM,8,100-Day SUD Medication Fill (Refill Anti-Addiction Rx),8 - 100-Day SUD Medication Fill (Refill Anti-Addiction Rx),4,COVERAGE CATEGORY BY PROVIDER REGION,HIV SNP-NEW YORK CITY,Adult(21-64),2014,Q4,23,26,0.885,100,107,0.935
01/12/2017 02:26:00 PM,7,30-Day SUD Medication Fill (1st Anti-Addiction Rx),7 - 30-Day SUD Medication Fill (1st Anti-Addiction Rx),2,COVERAGE CATEGORY,HIV SNP,Adult(21-64),2015,Q4,18,169,0.107,156,804,0.194
01/12/2017 02:26:00 PM,7,30-Day SUD Medication Fill (1st Anti-Addiction Rx),7 - 30-Day SUD Medication Fill (1st Anti-Addiction Rx),3,PROVIDER REGION,REST OF STATE,Youth(6-20),2014,Q4,21,143,0.147,83,546,0.152
01/12/2017 02:26:00 PM,8,100-Day SUD Medication Fill (Refill Anti-Addiction Rx),8 - 100-Day SUD Medication Fill (Refill Anti-Addiction Rx),3,PROVIDER REGION,NEW YORK CITY,Youth(6-20),2014,Q3,3,4,0.75,11,13,0.846
01/12/2017 02:26:00 PM,8,100-Day SUD Medication Fill (Refill Anti-Addiction Rx),8 - 100-Day SUD Medication Fill (Refill Anti-Addiction Rx),4,COVERAGE CATEGORY BY PROVIDER REGION,HIV SNP-REST OF STATE,Adult(21-64),2014,Q3,14,15,0.933,42,43,0.977
01/12/2017 02:26:00 PM,8,100-Day SUD Medication Fill (Refill Anti-Addiction Rx),8 - 100-Day SUD Medication Fill (Refill Anti-Addiction Rx),4,COVERAGE CATEGORY BY PROVIDER REGION,FFS-REST OF STATE,Youth(6-20),2014,Q4,8,13,0.615,16,25,0.64
01/12/2017 02:26:00 PM,7,30-Day SUD Medication Fill (1st Anti-Addiction Rx),7 - 30-Day SUD Medication Fill (1st Anti-Addiction Rx),3,PROVIDER REGION,NEW YORK CITY,Youth(6-20),2015,Q3,4,40,0.1,16,123,0.13
01/12/2017 02:26:00 PM,8,100-Day SUD Medication Fill (Refill Anti-Addiction Rx),8 - 100-Day SUD Medication Fill (Refill Anti-Addiction Rx),1,STATEWIDE,STATEWIDE,Adult(21-64),2015,Q2,1437,1667,0.862,2953,3421,0.863
01/12/2017 02:26:00 PM,7,30-Day SUD Medication Fill (1st Anti-Addiction Rx),7 - 30-Day SUD Medication Fill (1st Anti-Addiction Rx),1,STATEWIDE,STATEWIDE,Adult(21-64),2015,Q2,2286,9493,0.241,4625,19190,0.241
01/12/2017 02:26:00 PM,7,30-Day SUD Medication Fill (1st Anti-Addiction Rx),7 - 30-Day SUD Medication Fill (1st Anti-Addiction Rx),4,COVERAGE CATEGORY BY PROVIDER REGION,HIV SNP-REST OF STATE,Adult(21-64),2015,Q4,4,48,0.083,34,221,0.154
01/12/2017 02:26:00 PM,8,100-Day SUD Medication Fill (Refill Anti-Addiction Rx),8 - 100-Day SUD Medication Fill (Refill Anti-Addiction Rx),3,PROVIDER REGION,REST OF STATE,Youth(6-20),2015,Q4,14,15,0.933,65,77,0.844
01/12/2017 02:26:00 PM,8,100-Day SUD Medication Fill (Refill Anti-Addiction Rx),8 - 100-Day SUD Medication Fill (Refill Anti-Addiction Rx),3,PROVIDER REGION,NEW YORK CITY,Adult(21-64),2015,Q1,614,682,0.9,614,682,0.9
01/12/2017 02:26:00 PM,7,30-Day SUD Medication Fill (1st Anti-Addiction Rx),7 - 30-Day SUD Medication Fill (1st Anti-Addiction Rx),2,COVERAGE CATEGORY,MAINSTREAM,Youth(6-20),2014,Q2,22,114,0.193,37,208,0.178
01/12/2017 02:26:00 PM,7,30-Day SUD Medication Fill (1st Anti-Addiction Rx),7 - 30-Day SUD Medication Fill (1st Anti-Addiction Rx),2,COVERAGE CATEGORY,FFS,Youth(6-20),2015,Q3,13,90,0.144,37,243,0.152
01/12/2017 02:26:00 PM,7,30-Day SUD Medication Fill (1st Anti-Addiction Rx),7 - 30-Day SUD Medication Fill (1st Anti-Addiction Rx),4,COVERAGE CATEGORY BY PROVIDER REGION,MAINSTREAM-NEW YORK CITY,Youth(6-20),2015,Q4,3,23,0.13,12,95,0.126
01/12/2017 02:26:00 PM,8,100-Day SUD Medication Fill (Refill Anti-Addiction Rx),8 - 100-Day SUD Medication Fill (Refill Anti-Addiction Rx),2,COVERAGE CATEGORY,MAINSTREAM,Youth(6-20),2014,Q4,6,7,0.857,35,44,0.795
01/12/2017 02:26:00 PM,7,30-Day SUD Medication Fill (1st Anti-Addiction Rx),7 - 30-Day SUD Medication Fill (1st Anti-Addiction Rx),3,PROVIDER REGION,REST OF STATE,Adult(21-64),2014,Q1,1079,4404,0.245,1079,4404,0.245
01/12/2017 02:26:00 PM,7,30-Day SUD Medication Fill (1st Anti-Addiction Rx),7 - 30-Day SUD Medication Fill (1st Anti-Addiction Rx),4,COVERAGE CATEGORY BY PROVIDER REGION,MAINSTREAM-REST OF STATE,Adult(21-64),2015,Q3,1011,3851,0.263,3007,11167,0.269
01/12/2017 02:26:00 PM,8,100-Day SUD Medication Fill (Refill Anti-Addiction Rx),8 - 100-Day SUD Medication Fill (Refill Anti-Addiction Rx),4,COVERAGE CATEGORY BY PROVIDER REGION,FFS-NEW YORK CITY,Adult(21-64),2015,Q3,197,219,0.9,586,654,0.896
01/12/2017 02:26:00 PM,7,30-Day SUD Medication Fill (1st Anti-Addiction Rx),7 - 30-Day SUD Medication Fill (1st Anti-Addiction Rx),4,COVERAGE CATEGORY BY PROVIDER REGION,FFS-REST OF STATE,Youth(6-20),2014,Q4,14,62,0.226,33,211,0.156
01/12/2017 02:26:00 PM,8,100-Day SUD Medication Fill (Refill Anti-Addiction Rx),8 - 100-Day SUD Medication Fill (Refill Anti-Addiction Rx),4,COVERAGE CATEGORY BY PROVIDER REGION,MAINSTREAM-REST OF STATE,Youth(6-20),2014,Q4,4,5,0.8,28,35,0.8
01/12/2017 02:26:00 PM,8,100-Day SUD Medication Fill (Refill Anti-Addiction Rx),8 - 100-Day SUD Medication Fill (Refill Anti-Addiction Rx),2,COVERAGE CATEGORY,HIV SNP,Adult(21-64),2015,Q2,24,26,0.923,52,54,0.963
01/12/2017 02:26:00 PM,7,30-Day SUD Medication Fill (1st Anti-Addiction Rx),7 - 30-Day SUD Medication Fill (1st Anti-Addiction Rx),4,COVERAGE CATEGORY BY PROVIDER REGION,MAINSTREAM-REST OF STATE,Adult(21-64),2015,Q4,1003,3544,0.283,4010,14711,0.273
01/12/2017 02:26:00 PM,7,30-Day SUD Medication Fill (1st Anti-Addiction Rx),7 - 30-Day SUD Medication Fill (1st Anti-Addiction Rx),4,COVERAGE CATEGORY BY PROVIDER REGION,MAINSTREAM-NEW YORK CITY,Youth(6-20),2014,Q2,3,22,0.136,6,48,0.125
01/12/2017 02:26:00 PM,8,100-Day SUD Medication Fill (Refill Anti-Addiction Rx),8 - 100-Day SUD Medication Fill (Refill Anti-Addiction Rx),4,COVERAGE CATEGORY BY PROVIDER REGION,FFS-NEW YORK CITY,Youth(6-20),2015,Q3,1,2,0.5,2,5,0.4
01/12/2017 02:26:00 PM,7,30-Day SUD Medication Fill (1st Anti-Addiction Rx),7 - 30-Day SUD Medication Fill (1st Anti-Addiction Rx),2,COVERAGE CATEGORY,FFS,Adult(21-64),2015,Q3,660,3421,0.193,2005,10041,0.2
01/12/2017 02:26:00 PM,7,30-Day SUD Medication Fill (1st Anti-Addiction Rx),7 - 30-Day SUD Medication Fill (1st Anti-Addiction Rx),3,PROVIDER REGION,REST OF STATE,Youth(6-20),2015,Q3,30,155,0.194,86,473,0.182
01/12/2017 02:26:00 PM,7,30-Day SUD Medication Fill (1st Anti-Addiction Rx),7 - 30-Day SUD Medication Fill (1st Anti-Addiction Rx),4,COVERAGE CATEGORY BY PROVIDER REGION,HIV SNP-REST OF STATE,Adult(21-64),2014,Q4,16,68,0.235,78,328,0.238
01/12/2017 02:26:00 PM,8,100-Day SUD Medication Fill (Refill Anti-Addiction Rx),8 - 100-Day SUD Medication Fill (Refill Anti-Addiction Rx),2,COVERAGE CATEGORY,HIV SNP,Adult(21-64),2014,Q1,31,33,0.939,31,33,0.939
01/12/2017 02:26:00 PM,8,100-Day SUD Medication Fill (Refill Anti-Addiction Rx),8 - 100-Day SUD Medication Fill (Refill Anti-Addiction Rx),2,COVERAGE CATEGORY,MAINSTREAM,Youth(6-20),2015,Q4,15,16,0.938,53,62,0.855
01/12/2017 02:26:00 PM,7,30-Day SUD Medication Fill (1st Anti-Addiction Rx),7 - 30-Day SUD Medication Fill (1st Anti-Addiction Rx),1,STATEWIDE,STATEWIDE,Adult(21-64),2014,Q1,2034,8680,0.234,2034,8680,0.234
01/12/2017 02:26:00 PM,8,100-Day SUD Medication Fill (Refill Anti-Addiction Rx),8 - 100-Day SUD Medication Fill (Refill Anti-Addiction Rx),3,PROVIDER REGION,NEW YORK CITY,Youth(6-20),2015,Q3,1,2,0.5,7,10,0.7
01/12/2017 02:26:00 PM,7,30-Day SUD Medication Fill (1st Anti-Addiction Rx),7 - 30-Day SUD Medication Fill (1st Anti-Addiction Rx),3,PROVIDER REGION,NEW YORK CITY,Youth(6-20),2015,Q1,5,39,0.128,5,39,0.128
01/12/2017 02:26:00 PM,7,30-Day SUD Medication Fill (1st Anti-Addiction Rx),7 - 30-Day SUD Medication Fill (1st Anti-Addiction Rx),2,COVERAGE CATEGORY,HIV SNP,Adult(21-64),2014,Q2,73,265,0.275,130,536,0.243
01/12/2017 02:26:00 PM,7,30-Day SUD Medication Fill (1st Anti-Addiction Rx),7 - 30-Day SUD Medication Fill (1st Anti-Addiction Rx),4,COVERAGE CATEGORY BY PROVIDER REGION,MAINSTREAM-REST OF STATE,Adult(21-64),2015,Q1,978,3599,0.272,978,3599,0.272
01/12/2017 02:26:00 PM,7,30-Day SUD Medication Fill (1st Anti-Addiction Rx),7 - 30-Day SUD Medication Fill (1st Anti-Addiction Rx),4,COVERAGE CATEGORY BY PROVIDER REGION,HIV SNP-NEW YORK CITY,Adult(21-64),2014,Q2,50,187,0.267,88,359,0.245
01/12/2017 02:26:00 PM,8,100-Day SUD Medication Fill (Refill Anti-Addiction Rx),8 - 100-Day SUD Medication Fill (Refill Anti-Addiction Rx),4,COVERAGE CATEGORY BY PROVIDER REGION,MAINSTREAM-NEW YORK CITY,Youth(6-20),2015,Q2,3,3,1,5,5,1
01/12/2017 02:26:00 PM,8,100-Day SUD Medication Fill (Refill Anti-Addiction Rx),8 - 100-Day SUD Medication Fill (Refill Anti-Addiction Rx),1,STATEWIDE,STATEWIDE,Adult(21-64),2014,Q3,1503,1738,0.865,4231,4888,0.866
01/12/2017 02:26:00 PM,8,100-Day SUD Medication Fill (Refill Anti-Addiction Rx),8 - 100-Day SUD Medication Fill (Refill Anti-Addiction Rx),3,PROVIDER REGION,NEW YORK CITY,Adult(21-64),2014,Q4,583,646,0.902,2421,2655,0.912
01/12/2017 02:26:00 PM,7,30-Day SUD Medication Fill (1st Anti-Addiction Rx),7 - 30-Day SUD Medication Fill (1st Anti-Addiction Rx),4,COVERAGE CATEGORY BY PROVIDER REGION,FFS-REST OF STATE,Adult(21-64),2014,Q3,375,1628,0.23,1013,4673,0.217
01/12/2017 02:26:00 PM,7,30-Day SUD Medication Fill (1st Anti-Addiction Rx),7 - 30-Day SUD Medication Fill (1st Anti-Addiction Rx),4,COVERAGE CATEGORY BY PROVIDER REGION,MAINSTREAM-REST OF STATE,Youth(6-20),2014,Q2,19,92,0.207,31,160,0.194
01/12/2017 02:26:00 PM,7,30-Day SUD Medication Fill (1st Anti-Addiction Rx),7 - 30-Day SUD Medication Fill (1st Anti-Addiction Rx),4,COVERAGE CATEGORY BY PROVIDER REGION,MAINSTREAM-NEW YORK CITY,Adult(21-64),2015,Q1,629,2505,0.251,629,2505,0.251
01/12/2017 02:26:00 PM,7,30-Day SUD Medication Fill (1st Anti-Addiction Rx),7 - 30-Day SUD Medication Fill (1st Anti-Addiction Rx),4,COVERAGE CATEGORY BY PROVIDER REGION,FFS-NEW YORK CITY,Adult(21-64),2015,Q3,318,1859,0.171,946,5313,0.178
01/12/2017 02:26:00 PM,7,30-Day SUD Medication Fill (1st Anti-Addiction Rx),7 - 30-Day SUD Medication Fill (1st Anti-Addiction Rx),2,COVERAGE CATEGORY,MAINSTREAM,Youth(6-20),2014,Q3,18,116,0.155,55,324,0.17
01/12/2017 02:26:00 PM,8,100-Day SUD Medication Fill (Refill Anti-Addiction Rx),8 - 100-Day SUD Medication Fill (Refill Anti-Addiction Rx),3,PROVIDER REGION,REST OF STATE,Youth(6-20),2015,Q2,16,19,0.842,34,40,0.85
01/12/2017 02:26:00 PM,7,30-Day SUD Medication Fill (1st Anti-Addiction Rx),7 - 30-Day SUD Medication Fill (1st Anti-Addiction Rx),2,COVERAGE CATEGORY,FFS,Adult(21-64),2014,Q1,607,3340,0.182,607,3340,0.182
01/12/2017 02:26:00 PM,8,100-Day SUD Medication Fill (Refill Anti-Addiction Rx),8 - 100-Day SUD Medication Fill (Refill Anti-Addiction Rx),2,COVERAGE CATEGORY,HIV SNP,Adult(21-64),2014,Q3,42,44,0.955,119,124,0.96
01/12/2017 02:26:00 PM,8,100-Day SUD Medication Fill (Refill Anti-Addiction Rx),8 - 100-Day SUD Medication Fill (Refill Anti-Addiction Rx),4,COVERAGE CATEGORY BY PROVIDER REGION,MAINSTREAM-NEW YORK CITY,Youth(6-20),2014,Q2,1,2,0.5,3,4,0.75
01/12/2017 02:26:00 PM,7,30-Day SUD Medication Fill (1st Anti-Addiction Rx),7 - 30-Day SUD Medication Fill (1st Anti-Addiction Rx),1,STATEWIDE,STATEWIDE,Adult(21-64),2015,Q4,2011,8971,0.224,9107,38523,0.236
01/12/2017 02:26:00 PM,8,100-Day SUD Medication Fill (Refill Anti-Addiction Rx),8 - 100-Day SUD Medication Fill (Refill Anti-Addiction Rx),3,PROVIDER REGION,NEW YORK CITY,Adult(21-64),2015,Q2,578,633,0.913,1192,1315,0.906
01/12/2017 02:26:00 PM,8,100-Day SUD Medication Fill (Refill Anti-Addiction Rx),8 - 100-Day SUD Medication Fill (Refill Anti-Addiction Rx),4,COVERAGE CATEGORY BY PROVIDER REGION,HIV SNP-NEW YORK CITY,Adult(21-64),2014,Q3,28,29,0.966,77,81,0.951
01/12/2017 02:26:00 PM,8,100-Day SUD Medication Fill (Refill Anti-Addiction Rx),8 - 100-Day SUD Medication Fill (Refill Anti-Addiction Rx),3,PROVIDER REGION,REST OF STATE,Youth(6-20),2014,Q1,10,13,0.769,10,13,0.769
01/12/2017 02:26:00 PM,7,30-Day SUD Medication Fill (1st Anti-Addiction Rx),7 - 30-Day SUD Medication Fill (1st Anti-Addiction Rx),4,COVERAGE CATEGORY BY PROVIDER REGION,FFS-NEW YORK CITY,Adult(21-64),2014,Q1,313,1872,0.167,313,1872,0.167
01/12/2017 02:26:00 PM,7,30-Day SUD Medication Fill (1st Anti-Addiction Rx),7 - 30-Day SUD Medication Fill (1st Anti-Addiction Rx),2,COVERAGE CATEGORY,FFS,Youth(6-20),2014,Q4,15,72,0.208,42,277,0.152
01/12/2017 02:26:00 PM,7,30-Day SUD Medication Fill (1st Anti-Addiction Rx),7 - 30-Day SUD Medication Fill (1st Anti-Addiction Rx),3,PROVIDER REGION,REST OF STATE,Adult(21-64),2015,Q4,1333,5173,0.258,5429,21241,0.256
01/12/2017 02:26:00 PM,8,100-Day SUD Medication Fill (Refill Anti-Addiction Rx),8 - 100-Day SUD Medication Fill (Refill Anti-Addiction Rx),4,COVERAGE CATEGORY BY PROVIDER REGION,MAINSTREAM-REST OF STATE,Youth(6-20),2015,Q4,12,13,0.923,45,54,0.833
01/12/2017 02:26:00 PM,8,100-Day SUD Medication Fill (Refill Anti-Addiction Rx),8 - 100-Day SUD Medication Fill (Refill Anti-Addiction Rx),4,COVERAGE CATEGORY BY PROVIDER REGION,HIV SNP-REST OF STATE,Adult(21-64),2015,Q4,2,2,1,21,23,0.913
01/12/2017 02:26:00 PM,8,100-Day SUD Medication Fill (Refill Anti-Addiction Rx),8 - 100-Day SUD Medication Fill (Refill Anti-Addiction Rx),4,COVERAGE CATEGORY BY PROVIDER REGION,FFS-REST OF STATE,Youth(6-20),2015,Q3,6,8,0.75,18,21,0.857
01/12/2017 02:26:00 PM,7,30-Day SUD Medication Fill (1st Anti-Addiction Rx),7 - 30-Day SUD Medication Fill (1st Anti-Addiction Rx),3,PROVIDER REGION,REST OF STATE,Adult(21-64),2015,Q1,1357,5292,0.256,1357,5292,0.256
01/12/2017 02:26:00 PM,7,30-Day SUD Medication Fill (1st Anti-Addiction Rx),7 - 30-Day SUD Medication Fill (1st Anti-Addiction Rx),2,COVERAGE CATEGORY,MAINSTREAM,Youth(6-20),2014,Q1,15,94,0.16,15,94,0.16
01/12/2017 02:26:00 PM,8,100-Day SUD Medication Fill (Refill Anti-Addiction Rx),8 - 100-Day SUD Medication Fill (Refill Anti-Addiction Rx),1,STATEWIDE,STATEWIDE,Adult(21-64),2015,Q4,1297,1508,0.86,5872,6762,0.868
01/12/2017 02:26:00 PM,8,100-Day SUD Medication Fill (Refill Anti-Addiction Rx),8 - 100-Day SUD Medication Fill (Refill Anti-Addiction Rx),4,COVERAGE CATEGORY BY PROVIDER REGION,HIV SNP-REST OF STATE,Adult(21-64),2014,Q1,12,12,1,12,12,1
01/12/2017 02:26:00 PM,8,100-Day SUD Medication Fill (Refill Anti-Addiction Rx),8 - 100-Day SUD Medication Fill (Refill Anti-Addiction Rx),4,COVERAGE CATEGORY BY PROVIDER REGION,HIV SNP-NEW YORK CITY,Adult(21-64),2015,Q3,29,31,0.935,69,72,0.958
01/12/2017 02:26:00 PM,8,100-Day SUD Medication Fill (Refill Anti-Addiction Rx),8 - 100-Day SUD Medication Fill (Refill Anti-Addiction Rx),1,STATEWIDE,STATEWIDE,Youth(6-20),2014,Q4,15,21,0.714,58,76,0.763
01/12/2017 02:26:00 PM,8,100-Day SUD Medication Fill (Refill Anti-Addiction Rx),8 - 100-Day SUD Medication Fill (Refill Anti-Addiction Rx),2,COVERAGE CATEGORY,MAINSTREAM,Youth(6-20),2014,Q2,13,16,0.813,22,26,0.846
01/12/2017 02:26:00 PM,7,30-Day SUD Medication Fill (1st Anti-Addiction Rx),7 - 30-Day SUD Medication Fill (1st Anti-Addiction Rx),3,PROVIDER REGION,NEW YORK CITY,Adult(21-64),2014,Q1,955,4276,0.223,955,4276,0.223
01/12/2017 02:26:00 PM,7,30-Day SUD Medication Fill (1st Anti-Addiction Rx),7 - 30-Day SUD Medication Fill (1st Anti-Addiction Rx),4,COVERAGE CATEGORY BY PROVIDER REGION,FFS-REST OF STATE,Youth(6-20),2015,Q2,9,59,0.153,20,122,0.164
01/12/2017 02:26:00 PM,8,100-Day SUD Medication Fill (Refill Anti-Addiction Rx),8 - 100-Day SUD Medication Fill (Refill Anti-Addiction Rx),4,COVERAGE CATEGORY BY PROVIDER REGION,MAINSTREAM-REST OF STATE,Adult(21-64),2015,Q4,651,767,0.849,2592,3059,0.847
01/12/2017 02:26:00 PM,7,30-Day SUD Medication Fill (1st Anti-Addiction Rx),7 - 30-Day SUD Medication Fill (1st Anti-Addiction Rx),4,COVERAGE CATEGORY BY PROVIDER REGION,FFS-REST OF STATE,Adult(21-64),2015,Q3,342,1562,0.219,1059,4728,0.224
01/12/2017 02:26:00 PM,8,100-Day SUD Medication Fill (Refill Anti-Addiction Rx),8 - 100-Day SUD Medication Fill (Refill Anti-Addiction Rx),4,COVERAGE CATEGORY BY PROVIDER REGION,FFS-REST OF STATE,Adult(21-64),2015,Q1,248,292,0.849,248,292,0.849
01/12/2017 02:26:00 PM,7,30-Day SUD Medication Fill (1st Anti-Addiction Rx),7 - 30-Day SUD Medication Fill (1st Anti-Addiction Rx),3,PROVIDER REGION,NEW YORK CITY,Adult(21-64),2015,Q1,982,4405,0.223,982,4405,0.223
01/12/2017 02:26:00 PM,8,100-Day SUD Medication Fill (Refill Anti-Addiction Rx),8 - 100-Day SUD Medication Fill (Refill Anti-Addiction Rx),3,PROVIDER REGION,REST OF STATE,Adult(21-64),2014,Q4,844,1006,0.839,3237,3885,0.833
01/12/2017 02:26:00 PM,8,100-Day SUD Medication Fill (Refill Anti-Addiction Rx),8 - 100-Day SUD Medication Fill (Refill Anti-Addiction Rx),4,COVERAGE CATEGORY BY PROVIDER REGION,FFS-NEW YORK CITY,Youth(6-20),2014,Q4,1,1,1,7,7,1
01/12/2017 02:26:00 PM,8,100-Day SUD Medication Fill (Refill Anti-Addiction Rx),8 - 100-Day SUD Medication Fill (Refill Anti-Addiction Rx),2,COVERAGE CATEGORY,MAINSTREAM,Adult(21-64),2014,Q4,974,1121,0.869,3865,4455,0.868
01/12/2017 02:26:00 PM,7,30-Day SUD Medication Fill (1st Anti-Addiction Rx),7 - 30-Day SUD Medication Fill (1st Anti-Addiction Rx),4,COVERAGE CATEGORY BY PROVIDER REGION,HIV SNP-NEW YORK CITY,Adult(21-64),2015,Q4,14,121,0.116,122,583,0.209
01/12/2017 02:26:00 PM,8,100-Day SUD Medication Fill (Refill Anti-Addiction Rx),8 - 100-Day SUD Medication Fill (Refill Anti-Addiction Rx),4,COVERAGE CATEGORY BY PROVIDER REGION,MAINSTREAM-REST OF STATE,Youth(6-20),2014,Q1,7,8,0.875,7,8,0.875
01/12/2017 02:26:00 PM,8,100-Day SUD Medication Fill (Refill Anti-Addiction Rx),8 - 100-Day SUD Medication Fill (Refill Anti-Addiction Rx),3,PROVIDER REGION,REST OF STATE,Adult(21-64),2014,Q3,851,1026,0.829,2393,2879,0.831
01/12/2017 02:26:00 PM,8,100-Day SUD Medication Fill (Refill Anti-Addiction Rx),8 - 100-Day SUD Medication Fill (Refill Anti-Addiction Rx),4,COVERAGE CATEGORY BY PROVIDER REGION,FFS-REST OF STATE,Youth(6-20),2015,Q1,7,8,0.875,7,8,0.875
01/12/2017 02:26:00 PM,7,30-Day SUD Medication Fill (1st Anti-Addiction Rx),7 - 30-Day SUD Medication Fill (1st Anti-Addiction Rx),4,COVERAGE CATEGORY BY PROVIDER REGION,MAINSTREAM-REST OF STATE,Adult(21-64),2014,Q2,927,3401,0.273,1693,6238,0.271
01/12/2017 02:26:00 PM,7,30-Day SUD Medication Fill (1st Anti-Addiction Rx),7 - 30-Day SUD Medication Fill (1st Anti-Addiction Rx),4,COVERAGE CATEGORY BY PROVIDER REGION,FFS-REST OF STATE,Youth(6-20),2015,Q1,11,63,0.175,11,63,0.175
01/12/2017 02:26:00 PM,8,100-Day SUD Medication Fill (Refill Anti-Addiction Rx),8 - 100-Day SUD Medication Fill (Refill Anti-Addiction Rx),2,COVERAGE CATEGORY,FFS,Adult(21-64),2015,Q4,374,433,0.864,1655,1917,0.863
01/12/2017 02:26:00 PM,8,100-Day SUD Medication Fill (Refill Anti-Addiction Rx),8 - 100-Day SUD Medication Fill (Refill Anti-Addiction Rx),3,PROVIDER REGION,NEW YORK CITY,Adult(21-64),2015,Q3,728,796,0.915,1920,2111,0.91
01/12/2017 02:26:00 PM,7,30-Day SUD Medication Fill (1st Anti-Addiction Rx),7 - 30-Day SUD Medication Fill (1st Anti-Addiction Rx),4,COVERAGE CATEGORY BY PROVIDER REGION,FFS-NEW YORK CITY,Adult(21-64),2015,Q1,323,1756,0.184,323,1756,0.184
01/12/2017 02:26:00 PM,7,30-Day SUD Medication Fill (1st Anti-Addiction Rx),7 - 30-Day SUD Medication Fill (1st Anti-Addiction Rx),4,COVERAGE CATEGORY BY PROVIDER REGION,MAINSTREAM-REST OF STATE,Adult(21-64),2015,Q2,1018,3717,0.274,1996,7316,0.273
01/12/2017 02:26:00 PM,8,100-Day SUD Medication Fill (Refill Anti-Addiction Rx),8 - 100-Day SUD Medication Fill (Refill Anti-Addiction Rx),4,COVERAGE CATEGORY BY PROVIDER REGION,FFS-REST OF STATE,Youth(6-20),2015,Q2,5,5,1,12,13,0.923
01/12/2017 02:26:00 PM,7,30-Day SUD Medication Fill (1st Anti-Addiction Rx),7 - 30-Day SUD Medication Fill (1st Anti-Addiction Rx),1,STATEWIDE,STATEWIDE,Adult(21-64),2014,Q3,2439,9802,0.249,6843,28187,0.243
01/12/2017 02:26:00 PM,7,30-Day SUD Medication Fill (1st Anti-Addiction Rx),7 - 30-Day SUD Medication Fill (1st Anti-Addiction Rx),3,PROVIDER REGION,NEW YORK CITY,Youth(6-20),2015,Q2,7,44,0.159,12,83,0.145
01/12/2017 02:26:00 PM,8,100-Day SUD Medication Fill (Refill Anti-Addiction Rx),8 - 100-Day SUD Medication Fill (Refill Anti-Addiction Rx),3,PROVIDER REGION,NEW YORK CITY,Youth(6-20),2014,Q2,4,5,0.8,8,9,0.889
01/12/2017 02:26:00 PM,7,30-Day SUD Medication Fill (1st Anti-Addiction Rx),7 - 30-Day SUD Medication Fill (1st Anti-Addiction Rx),4,COVERAGE CATEGORY BY PROVIDER REGION,FFS-REST OF STATE,Youth(6-20),2014,Q3,7,49,0.143,19,149,0.128
01/12/2017 02:26:00 PM,7,30-Day SUD Medication Fill (1st Anti-Addiction Rx),7 - 30-Day SUD Medication Fill (1st Anti-Addiction Rx),4,COVERAGE CATEGORY BY PROVIDER REGION,HIV SNP-REST OF STATE,Adult(21-64),2014,Q1,19,99,0.192,19,99,0.192
01/12/2017 02:26:00 PM,7,30-Day SUD Medication Fill (1st Anti-Addiction Rx),7 - 30-Day SUD Medication Fill (1st Anti-Addiction Rx),3,PROVIDER REGION,NEW YORK CITY,Adult(21-64),2014,Q2,1076,4649,0.231,2031,8925,0.228
01/12/2017 02:26:00 PM,7,30-Day SUD Medication Fill (1st Anti-Addiction Rx),7 - 30-Day SUD Medication Fill (1st Anti-Addiction Rx),4,COVERAGE CATEGORY BY PROVIDER REGION,HIV SNP-REST OF STATE,Adult(21-64),2015,Q3,12,73,0.164,30,173,0.173
01/12/2017 02:26:00 PM,7,30-Day SUD Medication Fill (1st Anti-Addiction Rx),7 - 30-Day SUD Medication Fill (1st Anti-Addiction Rx),3,PROVIDER REGION,NEW YORK CITY,Adult(21-64),2015,Q3,1106,4876,0.227,3000,13484,0.222
01/12/2017 02:26:00 PM,8,100-Day SUD Medication Fill (Refill Anti-Addiction Rx),8 - 100-Day SUD Medication Fill (Refill Anti-Addiction Rx),4,COVERAGE CATEGORY BY PROVIDER REGION,FFS-REST OF STATE,Adult(21-64),2015,Q4,214,251,0.853,909,1081,0.841
01/12/2017 02:26:00 PM,8,100-Day SUD Medication Fill (Refill Anti-Addiction Rx),8 - 100-Day SUD Medication Fill (Refill Anti-Addiction Rx),2,COVERAGE CATEGORY,FFS,Youth(6-20),2015,Q4,2,3,0.667,22,29,0.759
01/12/2017 02:26:00 PM,7,30-Day SUD Medication Fill (1st Anti-Addiction Rx),7 - 30-Day SUD Medication Fill (1st Anti-Addiction Rx),2,COVERAGE CATEGORY,MAINSTREAM,Youth(6-20),2014,Q4,10,100,0.1,65,424,0.153
01/12/2017 02:26:00 PM,7,30-Day SUD Medication Fill (1st Anti-Addiction Rx),7 - 30-Day SUD Medication Fill (1st Anti-Addiction Rx),4,COVERAGE CATEGORY BY PROVIDER REGION,HIV SNP-REST OF STATE,Adult(21-64),2014,Q3,20,83,0.241,62,260,0.238
01/12/2017 02:26:00 PM,7,30-Day SUD Medication Fill (1st Anti-Addiction Rx),7 - 30-Day SUD Medication Fill (1st Anti-Addiction Rx),2,COVERAGE CATEGORY,HIV SNP,Adult(21-64),2015,Q3,55,249,0.221,138,635,0.217
01/12/2017 02:26:00 PM,8,100-Day SUD Medication Fill (Refill Anti-Addiction Rx),8 - 100-Day SUD Medication Fill (Refill Anti-Addiction Rx),4,COVERAGE CATEGORY BY PROVIDER REGION,MAINSTREAM-NEW YORK CITY,Youth(6-20),2015,Q1,2,2,1,2,2,1
01/12/2017 02:26:00 PM,8,100-Day SUD Medication Fill (Refill Anti-Addiction Rx),8 - 100-Day SUD Medication Fill (Refill Anti-Addiction Rx),4,COVERAGE CATEGORY BY PROVIDER REGION,MAINSTREAM-NEW YORK CITY,Adult(21-64),2014,Q2,406,434,0.935,766,830,0.923
01/12/2017 02:26:00 PM,8,100-Day SUD Medication Fill (Refill Anti-Addiction Rx),8 - 100-Day SUD Medication Fill (Refill Anti-Addiction Rx),4,COVERAGE CATEGORY BY PROVIDER REGION,MAINSTREAM-REST OF STATE,Adult(21-64),2015,Q1,645,771,0.837,645,771,0.837
01/12/2017 02:26:00 PM,7,30-Day SUD Medication Fill (1st Anti-Addiction Rx),7 - 30-Day SUD Medication Fill (1st Anti-Addiction Rx),4,COVERAGE CATEGORY BY PROVIDER REGION,MAINSTREAM-REST OF STATE,Youth(6-20),2015,Q1,17,89,0.191,17,89,0.191
01/12/2017 02:26:00 PM,7,30-Day SUD Medication Fill (1st Anti-Addiction Rx),7 - 30-Day SUD Medication Fill (1st Anti-Addiction Rx),3,PROVIDER REGION,NEW YORK CITY,Adult(21-64),2014,Q4,950,4459,0.213,4063,17973,0.226
01/12/2017 02:26:00 PM,7,30-Day SUD Medication Fill (1st Anti-Addiction Rx),7 - 30-Day SUD Medication Fill (1st Anti-Addiction Rx),4,COVERAGE CATEGORY BY PROVIDER REGION,MAINSTREAM-NEW YORK CITY,Adult(21-64),2015,Q2,572,2363,0.242,1201,4868,0.247
01/12/2017 02:26:00 PM,7,30-Day SUD Medication Fill (1st Anti-Addiction Rx),7 - 30-Day SUD Medication Fill (1st Anti-Addiction Rx),4,COVERAGE CATEGORY BY PROVIDER REGION,MAINSTREAM-REST OF STATE,Youth(6-20),2014,Q4,7,81,0.086,50,335,0.149
01/12/2017 02:26:00 PM,7,30-Day SUD Medication Fill (1st Anti-Addiction Rx),7 - 30-Day SUD Medication Fill (1st Anti-Addiction Rx),4,COVERAGE CATEGORY BY PROVIDER REGION,FFS-REST OF STATE,Youth(6-20),2014,Q1,8,49,0.163,8,49,0.163
01/12/2017 02:26:00 PM,8,100-Day SUD Medication Fill (Refill Anti-Addiction Rx),8 - 100-Day SUD Medication Fill (Refill Anti-Addiction Rx),4,COVERAGE CATEGORY BY PROVIDER REGION,MAINSTREAM-NEW YORK CITY,Youth(6-20),2014,Q4,2,2,1,7,9,0.778
01/12/2017 02:26:00 PM,7,30-Day SUD Medication Fill (1st Anti-Addiction Rx),7 - 30-Day SUD Medication Fill (1st Anti-Addiction Rx),2,COVERAGE CATEGORY,MAINSTREAM,Youth(6-20),2015,Q3,21,105,0.2,65,353,0.184
01/12/2017 02:26:00 PM,7,30-Day SUD Medication Fill (1st Anti-Addiction Rx),7 - 30-Day SUD Medication Fill (1st Anti-Addiction Rx),3,PROVIDER REGION,REST OF STATE,Youth(6-20),2015,Q4,26,136,0.191,112,609,0.184
01/12/2017 02:26:00 PM,8,100-Day SUD Medication Fill (Refill Anti-Addiction Rx),8 - 100-Day SUD Medication Fill (Refill Anti-Addiction Rx),4,COVERAGE CATEGORY BY PROVIDER REGION,FFS-NEW YORK CITY,Youth(6-20),2015,Q4,0,1,0,2,6,0.333
01/12/2017 02:26:00 PM,8,100-Day SUD Medication Fill (Refill Anti-Addiction Rx),8 - 100-Day SUD Medication Fill (Refill Anti-Addiction Rx),4,COVERAGE CATEGORY BY PROVIDER REGION,MAINSTREAM-NEW YORK CITY,Adult(21-64),2015,Q3,502,546,0.919,1265,1385,0.913
01/12/2017 02:26:00 PM,7,30-Day SUD Medication Fill (1st Anti-Addiction Rx),7 - 30-Day SUD Medication Fill (1st Anti-Addiction Rx),2,COVERAGE CATEGORY,HIV SNP,Adult(21-64),2014,Q3,66,258,0.256,196,794,0.247
01/12/2017 02:26:00 PM,8,100-Day SUD Medication Fill (Refill Anti-Addiction Rx),8 - 100-Day SUD Medication Fill (Refill Anti-Addiction Rx),1,STATEWIDE,STATEWIDE,Adult(21-64),2015,Q1,1516,1754,0.864,1516,1754,0.864
01/12/2017 02:26:00 PM,7,30-Day SUD Medication Fill (1st Anti-Addiction Rx),7 - 30-Day SUD Medication Fill (1st Anti-Addiction Rx),3,PROVIDER REGION,REST OF STATE,Youth(6-20),2014,Q1,20,117,0.171,20,117,0.171
01/12/2017 02:26:00 PM,7,30-Day SUD Medication Fill (1st Anti-Addiction Rx),7 - 30-Day SUD Medication Fill (1st Anti-Addiction Rx),4,COVERAGE CATEGORY BY PROVIDER REGION,MAINSTREAM-NEW YORK CITY,Youth(6-20),2015,Q3,1,20,0.05,9,72,0.125
01/12/2017 02:26:00 PM,7,30-Day SUD Medication Fill (1st Anti-Addiction Rx),7 - 30-Day SUD Medication Fill (1st Anti-Addiction Rx),2,COVERAGE CATEGORY,FFS,Adult(21-64),2014,Q3,719,3550,0.203,2010,10419,0.193
01/12/2017 02:26:00 PM,7,30-Day SUD Medication Fill (1st Anti-Addiction Rx),7 - 30-Day SUD Medication Fill (1st Anti-Addiction Rx),2,COVERAGE CATEGORY,MAINSTREAM,Adult(21-64),2014,Q1,1370,5069,0.27,1370,5069,0.27
01/12/2017 02:26:00 PM,7,30-Day SUD Medication Fill (1st Anti-Addiction Rx),7 - 30-Day SUD Medication Fill (1st Anti-Addiction Rx),3,PROVIDER REGION,REST OF STATE,Adult(21-64),2014,Q4,1307,5161,0.253,5037,19834,0.254
01/12/2017 02:26:00 PM,8,100-Day SUD Medication Fill (Refill Anti-Addiction Rx),8 - 100-Day SUD Medication Fill (Refill Anti-Addiction Rx),2,COVERAGE CATEGORY,FFS,Adult(21-64),2014,Q1,348,417,0.835,348,417,0.835
01/12/2017 02:26:00 PM,8,100-Day SUD Medication Fill (Refill Anti-Addiction Rx),8 - 100-Day SUD Medication Fill (Refill Anti-Addiction Rx),4,COVERAGE CATEGORY BY PROVIDER REGION,MAINSTREAM-NEW YORK CITY,Adult(21-64),2015,Q2,365,399,0.915,763,839,0.909
01/12/2017 02:26:00 PM,7,30-Day SUD Medication Fill (1st Anti-Addiction Rx),7 - 30-Day SUD Medication Fill (1st Anti-Addiction Rx),4,COVERAGE CATEGORY BY PROVIDER REGION,FFS-NEW YORK CITY,Adult(21-64),2015,Q2,305,1698,0.18,628,3454,0.182
01/12/2017 02:26:00 PM,8,100-Day SUD Medication Fill (Refill Anti-Addiction Rx),8 - 100-Day SUD Medication Fill (Refill Anti-Addiction Rx),1,STATEWIDE,STATEWIDE,Adult(21-64),2014,Q2,1495,1719,0.87,2728,3150,0.866
01/12/2017 02:26:00 PM,8,100-Day SUD Medication Fill (Refill Anti-Addiction Rx),8 - 100-Day SUD Medication Fill (Refill Anti-Addiction Rx),2,COVERAGE CATEGORY,MAINSTREAM,Youth(6-20),2014,Q3,7,11,0.636,29,37,0.784
01/12/2017 02:26:00 PM,8,100-Day SUD Medication Fill (Refill Anti-Addiction Rx),8 - 100-Day SUD Medication Fill (Refill Anti-Addiction Rx),2,COVERAGE CATEGORY,HARP,Adult(21-64),2015,Q4,37,39,0.949,37,39,0.949
01/12/2017 02:26:00 PM,8,100-Day SUD Medication Fill (Refill Anti-Addiction Rx),8 - 100-Day SUD Medication Fill (Refill Anti-Addiction Rx),4,COVERAGE CATEGORY BY PROVIDER REGION,MAINSTREAM-REST OF STATE,Youth(6-20),2014,Q2,12,14,0.857,19,22,0.864
01/12/2017 02:26:00 PM,7,30-Day SUD Medication Fill (1st Anti-Addiction Rx),7 - 30-Day SUD Medication Fill (1st Anti-Addiction Rx),3,PROVIDER REGION,NEW YORK CITY,Youth(6-20),2014,Q3,7,34,0.206,20,126,0.159
01/12/2017 02:26:00 PM,8,100-Day SUD Medication Fill (Refill Anti-Addiction Rx),8 - 100-Day SUD Medication Fill (Refill Anti-Addiction Rx),2,COVERAGE CATEGORY,FFS,Youth(6-20),2015,Q3,7,10,0.7,20,26,0.769
01/12/2017 02:26:00 PM,8,100-Day SUD Medication Fill (Refill Anti-Addiction Rx),8 - 100-Day SUD Medication Fill (Refill Anti-Addiction Rx),3,PROVIDER REGION,REST OF STATE,Youth(6-20),2014,Q3,8,12,0.667,32,42,0.762
01/12/2017 02:26:00 PM,8,100-Day SUD Medication Fill (Refill Anti-Addiction Rx),8 - 100-Day SUD Medication Fill (Refill Anti-Addiction Rx),4,COVERAGE CATEGORY BY PROVIDER REGION,MAINSTREAM-REST OF STATE,Youth(6-20),2014,Q3,5,8,0.625,24,30,0.8
01/12/2017 02:26:00 PM,7,30-Day SUD Medication Fill (1st Anti-Addiction Rx),7 - 30-Day SUD Medication Fill (1st Anti-Addiction Rx),4,COVERAGE CATEGORY BY PROVIDER REGION,HIV SNP-REST OF STATE,Adult(21-64),2015,Q1,12,50,0.24,12,50,0.24
01/12/2017 02:26:00 PM,8,100-Day SUD Medication Fill (Refill Anti-Addiction Rx),8 - 100-Day SUD Medication Fill (Refill Anti-Addiction Rx),4,COVERAGE CATEGORY BY PROVIDER REGION,MAINSTREAM-REST OF STATE,Youth(6-20),2015,Q2,11,14,0.786,22,27,0.815
01/12/2017 02:26:00 PM,8,100-Day SUD Medication Fill (Refill Anti-Addiction Rx),8 - 100-Day SUD Medication Fill (Refill Anti-Addiction Rx),4,COVERAGE CATEGORY BY PROVIDER REGION,FFS-REST OF STATE,Youth(6-20),2014,Q1,3,5,0.6,3,5,0.6
01/12/2017 02:26:00 PM,8,100-Day SUD Medication Fill (Refill Anti-Addiction Rx),8 - 100-Day SUD Medication Fill (Refill Anti-Addiction Rx),4,COVERAGE CATEGORY BY PROVIDER REGION,MAINSTREAM-NEW YORK CITY,Adult(21-64),2014,Q4,376,416,0.904,1564,1709,0.915
01/12/2017 02:26:00 PM,7,30-Day SUD Medication Fill (1st Anti-Addiction Rx),7 - 30-Day SUD Medication Fill (1st Anti-Addiction Rx),4,COVERAGE CATEGORY BY PROVIDER REGION,FFS-NEW YORK CITY,Adult(21-64),2014,Q3,344,1922,0.179,997,5746,0.174
01/12/2017 02:26:00 PM,8,100-Day SUD Medication Fill (Refill Anti-Addiction Rx),8 - 100-Day SUD Medication Fill (Refill Anti-Addiction Rx),4,COVERAGE CATEGORY BY PROVIDER REGION,FFS-NEW YORK CITY,Adult(21-64),2014,Q4,184,204,0.902,757,839,0.902
01/12/2017 02:26:00 PM,7,30-Day SUD Medication Fill (1st Anti-Addiction Rx),7 - 30-Day SUD Medication Fill (1st Anti-Addiction Rx),4,COVERAGE CATEGORY BY PROVIDER REGION,FFS-NEW YORK CITY,Adult(21-64),2014,Q4,300,1865,0.161,1297,7611,0.17
01/12/2017 02:26:00 PM,7,30-Day SUD Medication Fill (1st Anti-Addiction Rx),7 - 30-Day SUD Medication Fill (1st Anti-Addiction Rx),4,COVERAGE CATEGORY BY PROVIDER REGION,FFS-REST OF STATE,Adult(21-64),2014,Q2,344,1577,0.218,638,3045,0.21
01/12/2017 02:26:00 PM,7,30-Day SUD Medication Fill (1st Anti-Addiction Rx),7 - 30-Day SUD Medication Fill (1st Anti-Addiction Rx),3,PROVIDER REGION,NEW YORK CITY,Youth(6-20),2014,Q4,4,29,0.138,24,155,0.155
01/12/2017 02:26:00 PM,7,30-Day SUD Medication Fill (1st Anti-Addiction Rx),7 - 30-Day SUD Medication Fill (1st Anti-Addiction Rx),4,COVERAGE CATEGORY BY PROVIDER REGION,FFS-NEW YORK CITY,Youth(6-20),2015,Q4,1,11,0.091,8,62,0.129
01/12/2017 02:26:00 PM,8,100-Day SUD Medication Fill (Refill Anti-Addiction Rx),8 - 100-Day SUD Medication Fill (Refill Anti-Addiction Rx),2,COVERAGE CATEGORY,FFS,Adult(21-64),2014,Q4,419,492,0.852,1640,1922,0.853
01/12/2017 02:26:00 PM,7,30-Day SUD Medication Fill (1st Anti-Addiction Rx),7 - 30-Day SUD Medication Fill (1st Anti-Addiction Rx),4,COVERAGE CATEGORY BY PROVIDER REGION,MAINSTREAM-NEW YORK CITY,Youth(6-20),2014,Q1,3,26,0.115,3,26,0.115
01/12/2017 02:26:00 PM,8,100-Day SUD Medication Fill (Refill Anti-Addiction Rx),8 - 100-Day SUD Medication Fill (Refill Anti-Addiction Rx),1,STATEWIDE,STATEWIDE,Youth(6-20),2014,Q3,11,16,0.688,43,55,0.782
01/12/2017 02:26:00 PM,7,30-Day SUD Medication Fill (1st Anti-Addiction Rx),7 - 30-Day SUD Medication Fill (1st Anti-Addiction Rx),4,COVERAGE CATEGORY BY PROVIDER REGION,FFS-REST OF STATE,Youth(6-20),2014,Q2,4,51,0.078,12,100,0.12
01/12/2017 02:26:00 PM,7,30-Day SUD Medication Fill (1st Anti-Addiction Rx),7 - 30-Day SUD Medication Fill (1st Anti-Addiction Rx),2,COVERAGE CATEGORY,MAINSTREAM,Adult(21-64),2014,Q3,1654,5994,0.276,4637,16974,0.273
01/12/2017 02:26:00 PM,7,30-Day SUD Medication Fill (1st Anti-Addiction Rx),7 - 30-Day SUD Medication Fill (1st Anti-Addiction Rx),3,PROVIDER REGION,NEW YORK CITY,Youth(6-20),2015,Q4,4,34,0.118,20,157,0.127
01/12/2017 02:26:00 PM,7,30-Day SUD Medication Fill (1st Anti-Addiction Rx),7 - 30-Day SUD Medication Fill (1st Anti-Addiction Rx),4,COVERAGE CATEGORY BY PROVIDER REGION,HIV SNP-NEW YORK CITY,Adult(21-64),2015,Q2,35,142,0.246,65,286,0.227
01/12/2017 02:26:00 PM,7,30-Day SUD Medication Fill (1st Anti-Addiction Rx),7 - 30-Day SUD Medication Fill (1st Anti-Addiction Rx),4,COVERAGE CATEGORY BY PROVIDER REGION,MAINSTREAM-NEW YORK CITY,Adult(21-64),2014,Q4,608,2436,0.25,2590,9670,0.268
01/12/2017 02:26:00 PM,8,100-Day SUD Medication Fill (Refill Anti-Addiction Rx),8 - 100-Day SUD Medication Fill (Refill Anti-Addiction Rx),2,COVERAGE CATEGORY,MAINSTREAM,Adult(21-64),2014,Q1,854,981,0.871,854,981,0.871
01/12/2017 02:26:00 PM,8,100-Day SUD Medication Fill (Refill Anti-Addiction Rx),8 - 100-Day SUD Medication Fill (Refill Anti-Addiction Rx),4,COVERAGE CATEGORY BY PROVIDER REGION,HIV SNP-REST OF STATE,Adult(21-64),2015,Q3,7,8,0.875,19,21,0.905
01/12/2017 02:26:00 PM,8,100-Day SUD Medication Fill (Refill Anti-Addiction Rx),8 - 100-Day SUD Medication Fill (Refill Anti-Addiction Rx),3,PROVIDER REGION,REST OF STATE,Youth(6-20),2014,Q2,14,17,0.824,24,30,0.8
01/12/2017 02:26:00 PM,7,30-Day SUD Medication Fill (1st Anti-Addiction Rx),7 - 30-Day SUD Medication Fill (1st Anti-Addiction Rx),3,PROVIDER REGION,NEW YORK CITY,Adult(21-64),2015,Q4,678,3798,0.179,3678,17282,0.213
01/12/2017 02:26:00 PM,8,100-Day SUD Medication Fill (Refill Anti-Addiction Rx),8 - 100-Day SUD Medication Fill (Refill Anti-Addiction Rx),4,COVERAGE CATEGORY BY PROVIDER REGION,FFS-NEW YORK CITY,Youth(6-20),2014,Q1,2,2,1,2,2,1
01/12/2017 02:26:00 PM,8,100-Day SUD Medication Fill (Refill Anti-Addiction Rx),8 - 100-Day SUD Medication Fill (Refill Anti-Addiction Rx),2,COVERAGE CATEGORY,MAINSTREAM,Adult(21-64),2015,Q4,878,1027,0.855,4084,4704,0.868
01/12/2017 02:26:00 PM,8,100-Day SUD Medication Fill (Refill Anti-Addiction Rx),8 - 100-Day SUD Medication Fill (Refill Anti-Addiction Rx),4,COVERAGE CATEGORY BY PROVIDER REGION,MAINSTREAM-NEW YORK CITY,Youth(6-20),2015,Q4,3,3,1,8,8,1
01/12/2017 02:26:00 PM,7,30-Day SUD Medication Fill (1st Anti-Addiction Rx),7 - 30-Day SUD Medication Fill (1st Anti-Addiction Rx),4,COVERAGE CATEGORY BY PROVIDER REGION,MAINSTREAM-NEW YORK CITY,Adult(21-64),2014,Q1,604,2232,0.271,604,2232,0.271
01/12/2017 02:26:00 PM,7,30-Day SUD Medication Fill (1st Anti-Addiction Rx),7 - 30-Day SUD Medication Fill (1st Anti-Addiction Rx),3,PROVIDER REGION,REST OF STATE,Youth(6-20),2014,Q2,23,143,0.161,43,260,0.165
01/12/2017 02:26:00 PM,7,30-Day SUD Medication Fill (1st Anti-Addiction Rx),7 - 30-Day SUD Medication Fill (1st Anti-Addiction Rx),1,STATEWIDE,STATEWIDE,Adult(21-64),2015,Q1,2339,9697,0.241,2339,9697,0.241
01/12/2017 02:26:00 PM,7,30-Day SUD Medication Fill (1st Anti-Addiction Rx),7 - 30-Day SUD Medication Fill (1st Anti-Addiction Rx),4,COVERAGE CATEGORY BY PROVIDER REGION,MAINSTREAM-NEW YORK CITY,Adult(21-64),2015,Q4,361,1723,0.21,2307,9432,0.245
01/12/2017 02:26:00 PM,7,30-Day SUD Medication Fill (1st Anti-Addiction Rx),7 - 30-Day SUD Medication Fill (1st Anti-Addiction Rx),1,STATEWIDE,STATEWIDE,Youth(6-20),2014,Q1,26,167,0.156,26,167,0.156
01/12/2017 02:26:00 PM,8,100-Day SUD Medication Fill (Refill Anti-Addiction Rx),8 - 100-Day SUD Medication Fill (Refill Anti-Addiction Rx),3,PROVIDER REGION,NEW YORK CITY,Adult(21-64),2014,Q2,643,693,0.928,1186,1297,0.914
01/12/2017 02:26:00 PM,7,30-Day SUD Medication Fill (1st Anti-Addiction Rx),7 - 30-Day SUD Medication Fill (1st Anti-Addiction Rx),2,COVERAGE CATEGORY,FFS,Youth(6-20),2015,Q1,14,75,0.187,14,75,0.187
01/12/2017 02:26:00 PM,8,100-Day SUD Medication Fill (Refill Anti-Addiction Rx),8 - 100-Day SUD Medication Fill (Refill Anti-Addiction Rx),4,COVERAGE CATEGORY BY PROVIDER REGION,FFS-NEW YORK CITY,Adult(21-64),2015,Q4,160,182,0.879,746,836,0.892
01/12/2017 02:26:00 PM,8,100-Day SUD Medication Fill (Refill Anti-Addiction Rx),8 - 100-Day SUD Medication Fill (Refill Anti-Addiction Rx),4,COVERAGE CATEGORY BY PROVIDER REGION,FFS-REST OF STATE,Youth(6-20),2014,Q2,2,3,0.667,5,8,0.625
01/12/2017 02:26:00 PM,7,30-Day SUD Medication Fill (1st Anti-Addiction Rx),7 - 30-Day SUD Medication Fill (1st Anti-Addiction Rx),2,COVERAGE CATEGORY,FFS,Youth(6-20),2015,Q2,10,78,0.128,24,153,0.157
01/12/2017 02:26:00 PM,8,100-Day SUD Medication Fill (Refill Anti-Addiction Rx),8 - 100-Day SUD Medication Fill (Refill Anti-Addiction Rx),2,COVERAGE CATEGORY,MAINSTREAM,Adult(21-64),2014,Q3,1022,1189,0.86,2891,3334,0.867
01/12/2017 02:26:00 PM,8,100-Day SUD Medication Fill (Refill Anti-Addiction Rx),8 - 100-Day SUD Medication Fill (Refill Anti-Addiction Rx),1,STATEWIDE,STATEWIDE,Adult(21-64),2014,Q4,1427,1652,0.864,5658,6540,0.865
01/12/2017 02:26:00 PM,7,30-Day SUD Medication Fill (1st Anti-Addiction Rx),7 - 30-Day SUD Medication Fill (1st Anti-Addiction Rx),2,COVERAGE CATEGORY,MAINSTREAM,Youth(6-20),2015,Q1,19,116,0.164,19,116,0.164
01/12/2017 02:26:00 PM,7,30-Day SUD Medication Fill (1st Anti-Addiction Rx),7 - 30-Day SUD Medication Fill (1st Anti-Addiction Rx),2,COVERAGE CATEGORY,MAINSTREAM,Adult(21-64),2015,Q1,1607,6104,0.263,1607,6104,0.263
01/12/2017 02:26:00 PM,7,30-Day SUD Medication Fill (1st Anti-Addiction Rx),7 - 30-Day SUD Medication Fill (1st Anti-Addiction Rx),2,COVERAGE CATEGORY,FFS,Youth(6-20),2014,Q1,11,73,0.151,11,73,0.151
01/12/2017 02:26:00 PM,8,100-Day SUD Medication Fill (Refill Anti-Addiction Rx),8 - 100-Day SUD Medication Fill (Refill Anti-Addiction Rx),2,COVERAGE CATEGORY,FFS,Youth(6-20),2015,Q2,6,6,1,13,16,0.813
01/12/2017 02:26:00 PM,7,30-Day SUD Medication Fill (1st Anti-Addiction Rx),7 - 30-Day SUD Medication Fill (1st Anti-Addiction Rx),4,COVERAGE CATEGORY BY PROVIDER REGION,HARP-NEW YORK CITY,Adult(21-64),2015,Q4,49,229,0.214,49,229,0.214
01/12/2017 02:26:00 PM,8,100-Day SUD Medication Fill (Refill Anti-Addiction Rx),8 - 100-Day SUD Medication Fill (Refill Anti-Addiction Rx),4,COVERAGE CATEGORY BY PROVIDER REGION,HARP-NEW YORK CITY,Adult(21-64),2015,Q4,30,30,1,30,30,1
01/12/2017 02:26:00 PM,8,100-Day SUD Medication Fill (Refill Anti-Addiction Rx),8 - 100-Day SUD Medication Fill (Refill Anti-Addiction Rx),2,COVERAGE CATEGORY,FFS,Adult(21-64),2015,Q1,445,515,0.864,445,515,0.864
01/12/2017 02:26:00 PM,8,100-Day SUD Medication Fill (Refill Anti-Addiction Rx),8 - 100-Day SUD Medication Fill (Refill Anti-Addiction Rx),2,COVERAGE CATEGORY,MAINSTREAM,Adult(21-64),2015,Q2,1000,1151,0.869,2043,2362,0.865
01/12/2017 02:26:00 PM,8,100-Day SUD Medication Fill (Refill Anti-Addiction Rx),8 - 100-Day SUD Medication Fill (Refill Anti-Addiction Rx),2,COVERAGE CATEGORY,HIV SNP,Adult(21-64),2014,Q2,46,47,0.979,77,80,0.963
01/12/2017 02:26:00 PM,8,100-Day SUD Medication Fill (Refill Anti-Addiction Rx),8 - 100-Day SUD Medication Fill (Refill Anti-Addiction Rx),4,COVERAGE CATEGORY BY PROVIDER REGION,MAINSTREAM-REST OF STATE,Adult(21-64),2014,Q3,600,726,0.826,1703,2041,0.834
01/12/2017 02:26:00 PM,8,100-Day SUD Medication Fill (Refill Anti-Addiction Rx),8 - 100-Day SUD Medication Fill (Refill Anti-Addiction Rx),1,STATEWIDE,STATEWIDE,Youth(6-20),2015,Q4,17,19,0.895,75,91,0.824
01/12/2017 02:26:00 PM,7,30-Day SUD Medication Fill (1st Anti-Addiction Rx),7 - 30-Day SUD Medication Fill (1st Anti-Addiction Rx),2,COVERAGE CATEGORY,FFS,Adult(21-64),2015,Q4,564,3245,0.174,2569,13286,0.193
01/12/2017 02:26:00 PM,7,30-Day SUD Medication Fill (1st Anti-Addiction Rx),7 - 30-Day SUD Medication Fill (1st Anti-Addiction Rx),4,COVERAGE CATEGORY BY PROVIDER REGION,MAINSTREAM-REST OF STATE,Youth(6-20),2015,Q2,19,107,0.178,36,196,0.184
01/12/2017 02:26:00 PM,7,30-Day SUD Medication Fill (1st Anti-Addiction Rx),7 - 30-Day SUD Medication Fill (1st Anti-Addiction Rx),4,COVERAGE CATEGORY BY PROVIDER REGION,FFS-NEW YORK CITY,Youth(6-20),2015,Q3,3,20,0.15,7,51,0.137
01/12/2017 02:26:00 PM,8,100-Day SUD Medication Fill (Refill Anti-Addiction Rx),8 - 100-Day SUD Medication Fill (Refill Anti-Addiction Rx),4,COVERAGE CATEGORY BY PROVIDER REGION,MAINSTREAM-NEW YORK CITY,Youth(6-20),2014,Q1,2,2,1,2,2,1
01/12/2017 02:26:00 PM,7,30-Day SUD Medication Fill (1st Anti-Addiction Rx),7 - 30-Day SUD Medication Fill (1st Anti-Addiction Rx),4,COVERAGE CATEGORY BY PROVIDER REGION,FFS-NEW YORK CITY,Youth(6-20),2014,Q1,3,24,0.125,3,24,0.125
01/12/2017 02:26:00 PM,7,30-Day SUD Medication Fill (1st Anti-Addiction Rx),7 - 30-Day SUD Medication Fill (1st Anti-Addiction Rx),1,STATEWIDE,STATEWIDE,Youth(6-20),2014,Q2,30,185,0.162,56,352,0.159
01/12/2017 02:26:00 PM,7,30-Day SUD Medication Fill (1st Anti-Addiction Rx),7 - 30-Day SUD Medication Fill (1st Anti-Addiction Rx),3,PROVIDER REGION,NEW YORK CITY,Adult(21-64),2015,Q2,912,4203,0.217,1894,8608,0.22
01/12/2017 02:26:00 PM,8,100-Day SUD Medication Fill (Refill Anti-Addiction Rx),8 - 100-Day SUD Medication Fill (Refill Anti-Addiction Rx),3,PROVIDER REGION,NEW YORK CITY,Youth(6-20),2014,Q4,3,3,1,14,16,0.875
01/12/2017 02:26:00 PM,8,100-Day SUD Medication Fill (Refill Anti-Addiction Rx),8 - 100-Day SUD Medication Fill (Refill Anti-Addiction Rx),4,COVERAGE CATEGORY BY PROVIDER REGION,HIV SNP-NEW YORK CITY,Adult(21-64),2014,Q2,30,31,0.968,49,52,0.942
01/12/2017 02:26:00 PM,7,30-Day SUD Medication Fill (1st Anti-Addiction Rx),7 - 30-Day SUD Medication Fill (1st Anti-Addiction Rx),4,COVERAGE CATEGORY BY PROVIDER REGION,HIV SNP-NEW YORK CITY,Adult(21-64),2015,Q3,43,176,0.244,108,462,0.234
01/12/2017 02:26:00 PM,8,100-Day SUD Medication Fill (Refill Anti-Addiction Rx),8 - 100-Day SUD Medication Fill (Refill Anti-Addiction Rx),2,COVERAGE CATEGORY,FFS,Youth(6-20),2014,Q1,5,7,0.714,5,7,0.714
01/12/2017 02:26:00 PM,7,30-Day SUD Medication Fill (1st Anti-Addiction Rx),7 - 30-Day SUD Medication Fill (1st Anti-Addiction Rx),4,COVERAGE CATEGORY BY PROVIDER REGION,FFS-REST OF STATE,Youth(6-20),2015,Q4,8,55,0.145,38,247,0.154
01/12/2017 02:26:00 PM,8,100-Day SUD Medication Fill (Refill Anti-Addiction Rx),8 - 100-Day SUD Medication Fill (Refill Anti-Addiction Rx),4,COVERAGE CATEGORY BY PROVIDER REGION,FFS-REST OF STATE,Adult(21-64),2014,Q1,184,230,0.8,184,230,0.8
01/12/2017 02:26:00 PM,7,30-Day SUD Medication Fill (1st Anti-Addiction Rx),7 - 30-Day SUD Medication Fill (1st Anti-Addiction Rx),2,COVERAGE CATEGORY,MAINSTREAM,Adult(21-64),2015,Q2,1590,6080,0.262,3197,12184,0.262
01/12/2017 02:26:00 PM,7,30-Day SUD Medication Fill (1st Anti-Addiction Rx),7 - 30-Day SUD Medication Fill (1st Anti-Addiction Rx),2,COVERAGE CATEGORY,HIV SNP,Adult(21-64),2015,Q1,42,194,0.216,42,194,0.216
01/12/2017 02:26:00 PM,8,100-Day SUD Medication Fill (Refill Anti-Addiction Rx),8 - 100-Day SUD Medication Fill (Refill Anti-Addiction Rx),4,COVERAGE CATEGORY BY PROVIDER REGION,HIV SNP-REST OF STATE,Adult(21-64),2015,Q2,3,4,0.75,12,13,0.923
01/12/2017 02:26:00 PM,8,100-Day SUD Medication Fill (Refill Anti-Addiction Rx),8 - 100-Day SUD Medication Fill (Refill Anti-Addiction Rx),2,COVERAGE CATEGORY,HIV SNP,Adult(21-64),2015,Q3,36,39,0.923,88,93,0.946
01/12/2017 02:26:00 PM,7,30-Day SUD Medication Fill (1st Anti-Addiction Rx),7 - 30-Day SUD Medication Fill (1st Anti-Addiction Rx),4,COVERAGE CATEGORY BY PROVIDER REGION,MAINSTREAM-REST OF STATE,Adult(21-64),2014,Q3,962,3502,0.275,2655,9740,0.273
01/12/2017 02:26:00 PM,8,100-Day SUD Medication Fill (Refill Anti-Addiction Rx),8 - 100-Day SUD Medication Fill (Refill Anti-Addiction Rx),1,STATEWIDE,STATEWIDE,Youth(6-20),2015,Q3,18,24,0.75,58,72,0.806
01/12/2017 02:26:00 PM,7,30-Day SUD Medication Fill (1st Anti-Addiction Rx),7 - 30-Day SUD Medication Fill (1st Anti-Addiction Rx),2,COVERAGE CATEGORY,HARP,Adult(21-64),2015,Q4,65,290,0.224,65,290,0.224
01/12/2017 02:26:00 PM,7,30-Day SUD Medication Fill (1st Anti-Addiction Rx),7 - 30-Day SUD Medication Fill (1st Anti-Addiction Rx),2,COVERAGE CATEGORY,MAINSTREAM,Adult(21-64),2014,Q2,1613,5911,0.273,2983,10980,0.272
01/12/2017 02:26:00 PM,7,30-Day SUD Medication Fill (1st Anti-Addiction Rx),7 - 30-Day SUD Medication Fill (1st Anti-Addiction Rx),2,COVERAGE CATEGORY,MAINSTREAM,Adult(21-64),2015,Q3,1756,6692,0.262,4953,18876,0.262
01/12/2017 02:26:00 PM,7,30-Day SUD Medication Fill (1st Anti-Addiction Rx),7 - 30-Day SUD Medication Fill (1st Anti-Addiction Rx),2,COVERAGE CATEGORY,FFS,Youth(6-20),2014,Q3,8,61,0.131,27,205,0.132
01/12/2017 02:26:00 PM,7,30-Day SUD Medication Fill (1st Anti-Addiction Rx),7 - 30-Day SUD Medication Fill (1st Anti-Addiction Rx),2,COVERAGE CATEGORY,MAINSTREAM,Youth(6-20),2015,Q2,25,132,0.189,44,248,0.177
01/12/2017 02:26:00 PM,8,100-Day SUD Medication Fill (Refill Anti-Addiction Rx),8 - 100-Day SUD Medication Fill (Refill Anti-Addiction Rx),3,PROVIDER REGION,REST OF STATE,Youth(6-20),2014,Q4,12,18,0.667,44,60,0.733
01/12/2017 02:26:00 PM,8,100-Day SUD Medication Fill (Refill Anti-Addiction Rx),8 - 100-Day SUD Medication Fill (Refill Anti-Addiction Rx),3,PROVIDER REGION,REST OF STATE,Adult(21-64),2015,Q1,902,1072,0.841,902,1072,0.841
01/12/2017 02:26:00 PM,7,30-Day SUD Medication Fill (1st Anti-Addiction Rx),7 - 30-Day SUD Medication Fill (1st Anti-Addiction Rx),4,COVERAGE CATEGORY BY PROVIDER REGION,FFS-NEW YORK CITY,Youth(6-20),2014,Q2,4,20,0.2,7,44,0.159
01/12/2017 02:26:00 PM,8,100-Day SUD Medication Fill (Refill Anti-Addiction Rx),8 - 100-Day SUD Medication Fill (Refill Anti-Addiction Rx),2,COVERAGE CATEGORY,FFS,Youth(6-20),2014,Q2,5,6,0.833,10,13,0.769
01/12/2017 02:26:00 PM,7,30-Day SUD Medication Fill (1st Anti-Addiction Rx),7 - 30-Day SUD Medication Fill (1st Anti-Addiction Rx),3,PROVIDER REGION,REST OF STATE,Youth(6-20),2015,Q1,28,152,0.184,28,152,0.184
01/12/2017 02:26:00 PM,8,100-Day SUD Medication Fill (Refill Anti-Addiction Rx),8 - 100-Day SUD Medication Fill (Refill Anti-Addiction Rx),2,COVERAGE CATEGORY,FFS,Youth(6-20),2014,Q3,4,5,0.8,14,18,0.778
01/12/2017 02:26:00 PM,8,100-Day SUD Medication Fill (Refill Anti-Addiction Rx),8 - 100-Day SUD Medication Fill (Refill Anti-Addiction Rx),4,COVERAGE CATEGORY BY PROVIDER REGION,HIV SNP-NEW YORK CITY,Adult(21-64),2015,Q2,21,22,0.955,40,41,0.976
01/12/2017 02:26:00 PM,7,30-Day SUD Medication Fill (1st Anti-Addiction Rx),7 - 30-Day SUD Medication Fill (1st Anti-Addiction Rx),2,COVERAGE CATEGORY,FFS,Youth(6-20),2015,Q4,9,66,0.136,46,309,0.149
01/12/2017 02:26:00 PM,7,30-Day SUD Medication Fill (1st Anti-Addiction Rx),7 - 30-Day SUD Medication Fill (1st Anti-Addiction Rx),4,COVERAGE CATEGORY BY PROVIDER REGION,HIV SNP-NEW YORK CITY,Adult(21-64),2015,Q1,30,144,0.208,30,144,0.208
01/12/2017 02:26:00 PM,7,30-Day SUD Medication Fill (1st Anti-Addiction Rx),7 - 30-Day SUD Medication Fill (1st Anti-Addiction Rx),1,STATEWIDE,STATEWIDE,Adult(21-64),2014,Q2,2370,9705,0.244,4404,18385,0.24
01/12/2017 02:26:00 PM,8,100-Day SUD Medication Fill (Refill Anti-Addiction Rx),8 - 100-Day SUD Medication Fill (Refill Anti-Addiction Rx),3,PROVIDER REGION,REST OF STATE,Youth(6-20),2015,Q1,18,21,0.857,18,21,0.857
01/12/2017 02:26:00 PM,8,100-Day SUD Medication Fill (Refill Anti-Addiction Rx),8 - 100-Day SUD Medication Fill (Refill Anti-Addiction Rx),4,COVERAGE CATEGORY BY PROVIDER REGION,MAINSTREAM-REST OF STATE,Youth(6-20),2015,Q3,11,14,0.786,33,41,0.805
01/12/2017 02:26:00 PM,7,30-Day SUD Medication Fill (1st Anti-Addiction Rx),7 - 30-Day SUD Medication Fill (1st Anti-Addiction Rx),4,COVERAGE CATEGORY BY PROVIDER REGION,FFS-REST OF STATE,Youth(6-20),2015,Q3,10,70,0.143,30,192,0.156
01/12/2017 02:26:00 PM,7,30-Day SUD Medication Fill (1st Anti-Addiction Rx),7 - 30-Day SUD Medication Fill (1st Anti-Addiction Rx),2,COVERAGE CATEGORY,MAINSTREAM,Adult(21-64),2014,Q4,1530,5871,0.261,6167,22845,0.27
01/12/2017 02:26:00 PM,8,100-Day SUD Medication Fill (Refill Anti-Addiction Rx),8 - 100-Day SUD Medication Fill (Refill Anti-Addiction Rx),1,STATEWIDE,STATEWIDE,Youth(6-20),2014,Q2,18,22,0.818,32,39,0.821
01/12/2017 02:26:00 PM,8,100-Day SUD Medication Fill (Refill Anti-Addiction Rx),8 - 100-Day SUD Medication Fill (Refill Anti-Addiction Rx),2,COVERAGE CATEGORY,MAINSTREAM,Adult(21-64),2015,Q3,1163,1315,0.884,3206,3677,0.872
01/12/2017 02:26:00 PM,8,100-Day SUD Medication Fill (Refill Anti-Addiction Rx),8 - 100-Day SUD Medication Fill (Refill Anti-Addiction Rx),2,COVERAGE CATEGORY,MAINSTREAM,Adult(21-64),2015,Q1,1043,1211,0.861,1043,1211,0.861
01/12/2017 02:26:00 PM,7,30-Day SUD Medication Fill (1st Anti-Addiction Rx),7 - 30-Day SUD Medication Fill (1st Anti-Addiction Rx),3,PROVIDER REGION,REST OF STATE,Adult(21-64),2015,Q2,1374,5290,0.26,2731,10582,0.258
01/12/2017 02:26:00 PM,8,100-Day SUD Medication Fill (Refill Anti-Addiction Rx),8 - 100-Day SUD Medication Fill (Refill Anti-Addiction Rx),4,COVERAGE CATEGORY BY PROVIDER REGION,MAINSTREAM-REST OF STATE,Adult(21-64),2014,Q1,494,585,0.844,494,585,0.844
01/12/2017 02:26:00 PM,8,100-Day SUD Medication Fill (Refill Anti-Addiction Rx),8 - 100-Day SUD Medication Fill (Refill Anti-Addiction Rx),3,PROVIDER REGION,REST OF STATE,Adult(21-64),2014,Q2,852,1026,0.83,1542,1853,0.832
01/12/2017 02:26:00 PM,8,100-Day SUD Medication Fill (Refill Anti-Addiction Rx),8 - 100-Day SUD Medication Fill (Refill Anti-Addiction Rx),2,COVERAGE CATEGORY,MAINSTREAM,Youth(6-20),2014,Q1,9,10,0.9,9,10,0.9
01/12/2017 02:26:00 PM,8,100-Day SUD Medication Fill (Refill Anti-Addiction Rx),8 - 100-Day SUD Medication Fill (Refill Anti-Addiction Rx),2,COVERAGE CATEGORY,HIV SNP,Adult(21-64),2015,Q1,28,28,1,28,28,1
01/12/2017 02:26:00 PM,7,30-Day SUD Medication Fill (1st Anti-Addiction Rx),7 - 30-Day SUD Medication Fill (1st Anti-Addiction Rx),4,COVERAGE CATEGORY BY PROVIDER REGION,HIV SNP-NEW YORK CITY,Adult(21-64),2014,Q3,46,175,0.263,134,534,0.251
01/12/2017 02:26:00 PM,8,100-Day SUD Medication Fill (Refill Anti-Addiction Rx),8 - 100-Day SUD Medication Fill (Refill Anti-Addiction Rx),3,PROVIDER REGION,NEW YORK CITY,Adult(21-64),2014,Q3,652,712,0.916,1838,2009,0.915
01/12/2017 02:26:00 PM,8,100-Day SUD Medication Fill (Refill Anti-Addiction Rx),8 - 100-Day SUD Medication Fill (Refill Anti-Addiction Rx),2,COVERAGE CATEGORY,MAINSTREAM,Youth(6-20),2015,Q3,11,14,0.786,38,46,0.826
01/12/2017 02:26:00 PM,8,100-Day SUD Medication Fill (Refill Anti-Addiction Rx),8 - 100-Day SUD Medication Fill (Refill Anti-Addiction Rx),4,COVERAGE CATEGORY BY PROVIDER REGION,MAINSTREAM-NEW YORK CITY,Adult(21-64),2015,Q4,227,260,0.873,1492,1645,0.907
01/12/2017 02:26:00 PM,8,100-Day SUD Medication Fill (Refill Anti-Addiction Rx),8 - 100-Day SUD Medication Fill (Refill Anti-Addiction Rx),4,COVERAGE CATEGORY BY PROVIDER REGION,FFS-REST OF STATE,Adult(21-64),2014,Q3,237,285,0.832,648,795,0.815
01/12/2017 02:26:00 PM,8,100-Day SUD Medication Fill (Refill Anti-Addiction Rx),8 - 100-Day SUD Medication Fill (Refill Anti-Addiction Rx),4,COVERAGE CATEGORY BY PROVIDER REGION,HARP-REST OF STATE,Adult(21-64),2015,Q4,7,9,0.778,7,9,0.778
01/12/2017 02:26:00 PM,7,30-Day SUD Medication Fill (1st Anti-Addiction Rx),7 - 30-Day SUD Medication Fill (1st Anti-Addiction Rx),3,PROVIDER REGION,NEW YORK CITY,Adult(21-64),2014,Q3,1082,4589,0.236,3113,13514,0.23
01/12/2017 02:26:00 PM,7,30-Day SUD Medication Fill (1st Anti-Addiction Rx),7 - 30-Day SUD Medication Fill (1st Anti-Addiction Rx),4,COVERAGE CATEGORY BY PROVIDER REGION,MAINSTREAM-REST OF STATE,Youth(6-20),2015,Q3,20,85,0.235,56,281,0.199
01/12/2017 02:26:00 PM,7,30-Day SUD Medication Fill (1st Anti-Addiction Rx),7 - 30-Day SUD Medication Fill (1st Anti-Addiction Rx),4,COVERAGE CATEGORY BY PROVIDER REGION,HARP-REST OF STATE,Adult(21-64),2015,Q4,16,61,0.262,16,61,0.262
01/12/2017 02:26:00 PM,8,100-Day SUD Medication Fill (Refill Anti-Addiction Rx),8 - 100-Day SUD Medication Fill (Refill Anti-Addiction Rx),2,COVERAGE CATEGORY,FFS,Adult(21-64),2015,Q2,413,490,0.843,858,1005,0.854
01/12/2017 02:26:00 PM,8,100-Day SUD Medication Fill (Refill Anti-Addiction Rx),8 - 100-Day SUD Medication Fill (Refill Anti-Addiction Rx),1,STATEWIDE,STATEWIDE,Youth(6-20),2015,Q2,20,23,0.87,40,48,0.833
01/12/2017 02:26:00 PM,7,30-Day SUD Medication Fill (1st Anti-Addiction Rx),7 - 30-Day SUD Medication Fill (1st Anti-Addiction Rx),2,COVERAGE CATEGORY,MAINSTREAM,Youth(6-20),2015,Q4,21,104,0.202,86,457,0.188
01/12/2017 02:26:00 PM,7,30-Day SUD Medication Fill (1st Anti-Addiction Rx),7 - 30-Day SUD Medication Fill (1st Anti-Addiction Rx),4,COVERAGE CATEGORY BY PROVIDER REGION,FFS-NEW YORK CITY,Youth(6-20),2014,Q4,1,10,0.1,9,66,0.136
01/12/2017 02:26:00 PM,7,30-Day SUD Medication Fill (1st Anti-Addiction Rx),7 - 30-Day SUD Medication Fill (1st Anti-Addiction Rx),4,COVERAGE CATEGORY BY PROVIDER REGION,MAINSTREAM-NEW YORK CITY,Youth(6-20),2014,Q3,6,22,0.273,12,70,0.171
01/12/2017 02:26:00 PM,8,100-Day SUD Medication Fill (Refill Anti-Addiction Rx),8 - 100-Day SUD Medication Fill (Refill Anti-Addiction Rx),3,PROVIDER REGION,NEW YORK CITY,Youth(6-20),2015,Q1,2,4,0.5,2,4,0.5
01/12/2017 02:26:00 PM,7,30-Day SUD Medication Fill (1st Anti-Addiction Rx),7 - 30-Day SUD Medication Fill (1st Anti-Addiction Rx),4,COVERAGE CATEGORY BY PROVIDER REGION,MAINSTREAM-REST OF STATE,Youth(6-20),2015,Q4,18,81,0.222,74,362,0.204
01/12/2017 02:26:00 PM,8,100-Day SUD Medication Fill (Refill Anti-Addiction Rx),8 - 100-Day SUD Medication Fill (Refill Anti-Addiction Rx),4,COVERAGE CATEGORY BY PROVIDER REGION,MAINSTREAM-REST OF STATE,Adult(21-64),2014,Q2,609,730,0.834,1103,1315,0.839
01/12/2017 02:26:00 PM,8,100-Day SUD Medication Fill (Refill Anti-Addiction Rx),8 - 100-Day SUD Medication Fill (Refill Anti-Addiction Rx),1,STATEWIDE,STATEWIDE,Adult(21-64),2015,Q3,1622,1833,0.885,4575,5254,0.871
01/12/2017 02:26:00 PM,7,30-Day SUD Medication Fill (1st Anti-Addiction Rx),7 - 30-Day SUD Medication Fill (1st Anti-Addiction Rx),4,COVERAGE CATEGORY BY PROVIDER REGION,MAINSTREAM-REST OF STATE,Adult(21-64),2014,Q4,922,3435,0.268,3577,13175,0.271
01/12/2017 02:26:00 PM,7,30-Day SUD Medication Fill (1st Anti-Addiction Rx),7 - 30-Day SUD Medication Fill (1st Anti-Addiction Rx),4,COVERAGE CATEGORY BY PROVIDER REGION,MAINSTREAM-NEW YORK CITY,Youth(6-20),2015,Q1,2,27,0.074,2,27,0.074
01/12/2017 02:26:00 PM,7,30-Day SUD Medication Fill (1st Anti-Addiction Rx),7 - 30-Day SUD Medication Fill (1st Anti-Addiction Rx),4,COVERAGE CATEGORY BY PROVIDER REGION,MAINSTREAM-NEW YORK CITY,Adult(21-64),2014,Q3,692,2492,0.278,1982,7234,0.274
01/12/2017 02:26:00 PM,8,100-Day SUD Medication Fill (Refill Anti-Addiction Rx),8 - 100-Day SUD Medication Fill (Refill Anti-Addiction Rx),2,COVERAGE CATEGORY,FFS,Adult(21-64),2015,Q3,423,479,0.883,1281,1484,0.863
01/12/2017 02:26:00 PM,8,100-Day SUD Medication Fill (Refill Anti-Addiction Rx),8 - 100-Day SUD Medication Fill (Refill Anti-Addiction Rx),4,COVERAGE CATEGORY BY PROVIDER REGION,FFS-NEW YORK CITY,Youth(6-20),2014,Q3,1,1,1,6,6,1
01/12/2017 02:26:00 PM,7,30-Day SUD Medication Fill (1st Anti-Addiction Rx),7 - 30-Day SUD Medication Fill (1st Anti-Addiction Rx),2,COVERAGE CATEGORY,HIV SNP,Adult(21-64),2015,Q2,41,192,0.214,83,386,0.215
01/12/2017 02:26:00 PM,7,30-Day SUD Medication Fill (1st Anti-Addiction Rx),7 - 30-Day SUD Medication Fill (1st Anti-Addiction Rx),4,COVERAGE CATEGORY BY PROVIDER REGION,MAINSTREAM-REST OF STATE,Youth(6-20),2014,Q1,12,68,0.176,12,68,0.176
01/12/2017 02:26:00 PM,7,30-Day SUD Medication Fill (1st Anti-Addiction Rx),7 - 30-Day SUD Medication Fill (1st Anti-Addiction Rx),3,PROVIDER REGION,NEW YORK CITY,Youth(6-20),2014,Q2,7,42,0.167,13,92,0.141
01/12/2017 02:26:00 PM,7,30-Day SUD Medication Fill (1st Anti-Addiction Rx),7 - 30-Day SUD Medication Fill (1st Anti-Addiction Rx),4,COVERAGE CATEGORY BY PROVIDER REGION,HIV SNP-REST OF STATE,Adult(21-64),2015,Q2,6,50,0.12,18,100,0.18
01/12/2017 02:26:00 PM,7,30-Day SUD Medication Fill (1st Anti-Addiction Rx),7 - 30-Day SUD Medication Fill (1st Anti-Addiction Rx),3,PROVIDER REGION,REST OF STATE,Adult(21-64),2014,Q2,1294,5056,0.256,2373,9460,0.251
01/12/2017 02:26:00 PM,7,30-Day SUD Medication Fill (1st Anti-Addiction Rx),7 - 30-Day SUD Medication Fill (1st Anti-Addiction Rx),4,COVERAGE CATEGORY BY PROVIDER REGION,MAINSTREAM-NEW YORK CITY,Youth(6-20),2014,Q4,3,19,0.158,15,89,0.169
01/12/2017 02:26:00 PM,8,100-Day SUD Medication Fill (Refill Anti-Addiction Rx),8 - 100-Day SUD Medication Fill (Refill Anti-Addiction Rx),3,PROVIDER REGION,NEW YORK CITY,Adult(21-64),2015,Q4,423,479,0.883,2343,2590,0.905
01/12/2017 02:26:00 PM,8,100-Day SUD Medication Fill (Refill Anti-Addiction Rx),8 - 100-Day SUD Medication Fill (Refill Anti-Addiction Rx),2,COVERAGE CATEGORY,FFS,Youth(6-20),2014,Q4,9,14,0.643,23,32,0.719
01/12/2017 02:26:00 PM,8,100-Day SUD Medication Fill (Refill Anti-Addiction Rx),8 - 100-Day SUD Medication Fill (Refill Anti-Addiction Rx),4,COVERAGE CATEGORY BY PROVIDER REGION,MAINSTREAM-NEW YORK CITY,Adult(21-64),2015,Q1,398,440,0.905,398,440,0.905
01/12/2017 02:26:00 PM,8,100-Day SUD Medication Fill (Refill Anti-Addiction Rx),8 - 100-Day SUD Medication Fill (Refill Anti-Addiction Rx),3,PROVIDER REGION,NEW YORK CITY,Youth(6-20),2015,Q4,3,4,0.75,10,14,0.714
01/12/2017 02:26:00 PM,8,100-Day SUD Medication Fill (Refill Anti-Addiction Rx),8 - 100-Day SUD Medication Fill (Refill Anti-Addiction Rx),3,PROVIDER REGION,NEW YORK CITY,Youth(6-20),2015,Q2,4,4,1,6,8,0.75
01/12/2017 02:26:00 PM,8,100-Day SUD Medication Fill (Refill Anti-Addiction Rx),8 - 100-Day SUD Medication Fill (Refill Anti-Addiction Rx),3,PROVIDER REGION,REST OF STATE,Adult(21-64),2015,Q2,859,1034,0.831,1761,2106,0.836
01/12/2017 02:26:00 PM,7,30-Day SUD Medication Fill (1st Anti-Addiction Rx),7 - 30-Day SUD Medication Fill (1st Anti-Addiction Rx),4,COVERAGE CATEGORY BY PROVIDER REGION,MAINSTREAM-NEW YORK CITY,Adult(21-64),2015,Q3,745,2841,0.262,1946,7709,0.252
01/12/2017 02:26:00 PM,8,100-Day SUD Medication Fill (Refill Anti-Addiction Rx),8 - 100-Day SUD Medication Fill (Refill Anti-Addiction Rx),2,COVERAGE CATEGORY,HIV SNP,Adult(21-64),2015,Q4,8,9,0.889,96,102,0.941
01/12/2017 02:26:00 PM,7,30-Day SUD Medication Fill (1st Anti-Addiction Rx),7 - 30-Day SUD Medication Fill (1st Anti-Addiction Rx),1,STATEWIDE,STATEWIDE,Youth(6-20),2014,Q3,26,177,0.147,82,529,0.155
01/12/2017 02:26:00 PM,8,100-Day SUD Medication Fill (Refill Anti-Addiction Rx),8 - 100-Day SUD Medication Fill (Refill Anti-Addiction Rx),4,COVERAGE CATEGORY BY PROVIDER REGION,MAINSTREAM-NEW YORK CITY,Youth(6-20),2014,Q3,2,3,0.667,5,7,0.714
01/12/2017 02:26:00 PM,8,100-Day SUD Medication Fill (Refill Anti-Addiction Rx),8 - 100-Day SUD Medication Fill (Refill Anti-Addiction Rx),4,COVERAGE CATEGORY BY PROVIDER REGION,FFS-REST OF STATE,Youth(6-20),2014,Q3,3,4,0.75,8,12,0.667
01/12/2017 02:26:00 PM,7,30-Day SUD Medication Fill (1st Anti-Addiction Rx),7 - 30-Day SUD Medication Fill (1st Anti-Addiction Rx),4,COVERAGE CATEGORY BY PROVIDER REGION,HIV SNP-NEW YORK CITY,Adult(21-64),2014,Q1,38,172,0.221,38,172,0.221
01/12/2017 02:26:00 PM,7,30-Day SUD Medication Fill (1st Anti-Addiction Rx),7 - 30-Day SUD Medication Fill (1st Anti-Addiction Rx),4,COVERAGE CATEGORY BY PROVIDER REGION,MAINSTREAM-NEW YORK CITY,Adult(21-64),2014,Q2,686,2510,0.273,1290,4742,0.272
01/12/2017 02:26:00 PM,8,100-Day SUD Medication Fill (Refill Anti-Addiction Rx),8 - 100-Day SUD Medication Fill (Refill Anti-Addiction Rx),2,COVERAGE CATEGORY,MAINSTREAM,Youth(6-20),2015,Q2,14,17,0.824,27,32,0.844
01/12/2017 02:26:00 PM,8,100-Day SUD Medication Fill (Refill Anti-Addiction Rx),8 - 100-Day SUD Medication Fill (Refill Anti-Addiction Rx),4,COVERAGE CATEGORY BY PROVIDER REGION,FFS-NEW YORK CITY,Adult(21-64),2014,Q3,202,220,0.918,573,635,0.902
01/12/2017 02:26:00 PM,8,100-Day SUD Medication Fill (Refill Anti-Addiction Rx),8 - 100-Day SUD Medication Fill (Refill Anti-Addiction Rx),4,COVERAGE CATEGORY BY PROVIDER REGION,MAINSTREAM-NEW YORK CITY,Adult(21-64),2014,Q1,360,396,0.909,360,396,0.909
01/12/2017 02:26:00 PM,7,30-Day SUD Medication Fill (1st Anti-Addiction Rx),7 - 30-Day SUD Medication Fill (1st Anti-Addiction Rx),3,PROVIDER REGION,NEW YORK CITY,Youth(6-20),2014,Q1,6,50,0.12,6,50,0.12
01/12/2017 02:26:00 PM,8,100-Day SUD Medication Fill (Refill Anti-Addiction Rx),8 - 100-Day SUD Medication Fill (Refill Anti-Addiction Rx),1,STATEWIDE,STATEWIDE,Youth(6-20),2015,Q1,20,25,0.8,20,25,0.8
01/12/2017 02:26:00 PM,8,100-Day SUD Medication Fill (Refill Anti-Addiction Rx),8 - 100-Day SUD Medication Fill (Refill Anti-Addiction Rx),2,COVERAGE CATEGORY,MAINSTREAM,Adult(21-64),2014,Q2,1015,1164,0.872,1869,2145,0.871
01/12/2017 02:26:00 PM,8,100-Day SUD Medication Fill (Refill Anti-Addiction Rx),8 - 100-Day SUD Medication Fill (Refill Anti-Addiction Rx),4,COVERAGE CATEGORY BY PROVIDER REGION,FFS-NEW YORK CITY,Adult(21-64),2014,Q2,207,228,0.908,371,415,0.894
01/12/2017 02:26:00 PM,7,30-Day SUD Medication Fill (1st Anti-Addiction Rx),7 - 30-Day SUD Medication Fill (1st Anti-Addiction Rx),1,STATEWIDE,STATEWIDE,Youth(6-20),2014,Q4,25,172,0.145,107,701,0.153
01/12/2017 02:26:00 PM,7,30-Day SUD Medication Fill (1st Anti-Addiction Rx),7 - 30-Day SUD Medication Fill (1st Anti-Addiction Rx),2,COVERAGE CATEGORY,FFS,Youth(6-20),2014,Q2,8,71,0.113,19,144,0.132
01/12/2017 02:26:00 PM,8,100-Day SUD Medication Fill (Refill Anti-Addiction Rx),8 - 100-Day SUD Medication Fill (Refill Anti-Addiction Rx),4,COVERAGE CATEGORY BY PROVIDER REGION,FFS-NEW YORK CITY,Adult(21-64),2015,Q1,197,223,0.883,197,223,0.883
01/12/2017 02:26:00 PM,7,30-Day SUD Medication Fill (1st Anti-Addiction Rx),7 - 30-Day SUD Medication Fill (1st Anti-Addiction Rx),2,COVERAGE CATEGORY,HIV SNP,Adult(21-64),2014,Q1,57,271,0.21,57,271,0.21
01/12/2017 02:26:00 PM,8,100-Day SUD Medication Fill (Refill Anti-Addiction Rx),8 - 100-Day SUD Medication Fill (Refill Anti-Addiction Rx),4,COVERAGE CATEGORY BY PROVIDER REGION,HIV SNP-NEW YORK CITY,Adult(21-64),2015,Q1,19,19,1,19,19,1
01/12/2017 02:26:00 PM,8,100-Day SUD Medication Fill (Refill Anti-Addiction Rx),8 - 100-Day SUD Medication Fill (Refill Anti-Addiction Rx),2,COVERAGE CATEGORY,MAINSTREAM,Youth(6-20),2015,Q1,13,15,0.867,13,15,0.867
01/12/2017 02:26:00 PM,8,100-Day SUD Medication Fill (Refill Anti-Addiction Rx),8 - 100-Day SUD Medication Fill (Refill Anti-Addiction Rx),4,COVERAGE CATEGORY BY PROVIDER REGION,HIV SNP-REST OF STATE,Adult(21-64),2014,Q4,11,13,0.846,53,56,0.946
01/12/2017 02:26:00 PM,8,100-Day SUD Medication Fill (Refill Anti-Addiction Rx),8 - 100-Day SUD Medication Fill (Refill Anti-Addiction Rx),3,PROVIDER REGION,REST OF STATE,Adult(21-64),2015,Q3,894,1037,0.862,2655,3143,0.845
01/12/2017 02:26:00 PM,7,30-Day SUD Medication Fill (1st Anti-Addiction Rx),7 - 30-Day SUD Medication Fill (1st Anti-Addiction Rx),3,PROVIDER REGION,REST OF STATE,Youth(6-20),2014,Q3,19,143,0.133,62,403,0.154
01/12/2017 02:26:00 PM,8,100-Day SUD Medication Fill (Refill Anti-Addiction Rx),8 - 100-Day SUD Medication Fill (Refill Anti-Addiction Rx),4,COVERAGE CATEGORY BY PROVIDER REGION,MAINSTREAM-REST OF STATE,Adult(21-64),2014,Q4,598,705,0.848,2301,2746,0.838
01/12/2017 02:26:00 PM,8,100-Day SUD Medication Fill (Refill Anti-Addiction Rx),8 - 100-Day SUD Medication Fill (Refill Anti-Addiction Rx),4,COVERAGE CATEGORY BY PROVIDER REGION,HIV SNP-NEW YORK CITY,Adult(21-64),2014,Q1,19,21,0.905,19,21,0.905
01/12/2017 02:26:00 PM,8,100-Day SUD Medication Fill (Refill Anti-Addiction Rx),8 - 100-Day SUD Medication Fill (Refill Anti-Addiction Rx),4,COVERAGE CATEGORY BY PROVIDER REGION,FFS-REST OF STATE,Adult(21-64),2014,Q4,235,288,0.816,883,1083,0.815
01/12/2017 02:26:00 PM,7,30-Day SUD Medication Fill (1st Anti-Addiction Rx),7 - 30-Day SUD Medication Fill (1st Anti-Addiction Rx),4,COVERAGE CATEGORY BY PROVIDER REGION,FFS-REST OF STATE,Adult(21-64),2014,Q1,294,1468,0.2,294,1468,0.2
01/12/2017 02:26:00 PM,7,30-Day SUD Medication Fill (1st Anti-Addiction Rx),7 - 30-Day SUD Medication Fill (1st Anti-Addiction Rx),2,COVERAGE CATEGORY,FFS,Adult(21-64),2015,Q1,690,3399,0.203,690,3399,0.203
01/12/2017 02:26:00 PM,8,100-Day SUD Medication Fill (Refill Anti-Addiction Rx),8 - 100-Day SUD Medication Fill (Refill Anti-Addiction Rx),4,COVERAGE CATEGORY BY PROVIDER REGION,FFS-REST OF STATE,Youth(6-20),2015,Q4,2,2,1,20,23,0.87
01/12/2017 02:26:00 PM,8,100-Day SUD Medication Fill (Refill Anti-Addiction Rx),8 - 100-Day SUD Medication Fill (Refill Anti-Addiction Rx),2,COVERAGE CATEGORY,FFS,Adult(21-64),2014,Q3,439,505,0.869,1221,1430,0.854
01/12/2017 02:26:00 PM,8,100-Day SUD Medication Fill (Refill Anti-Addiction Rx),8 - 100-Day SUD Medication Fill (Refill Anti-Addiction Rx),1,STATEWIDE,STATEWIDE,Youth(6-20),2014,Q1,14,17,0.824,14,17,0.824
01/12/2017 02:26:00 PM,7,30-Day SUD Medication Fill (1st Anti-Addiction Rx),7 - 30-Day SUD Medication Fill (1st Anti-Addiction Rx),4,COVERAGE CATEGORY BY PROVIDER REGION,FFS-NEW YORK CITY,Adult(21-64),2014,Q2,340,1952,0.174,653,3824,0.171
01/12/2017 02:26:00 PM,8,100-Day SUD Medication Fill (Refill Anti-Addiction Rx),8 - 100-Day SUD Medication Fill (Refill Anti-Addiction Rx),3,PROVIDER REGION,REST OF STATE,Adult(21-64),2015,Q4,874,1029,0.849,3529,4172,0.846
01/12/2017 02:26:00 PM,7,30-Day SUD Medication Fill (1st Anti-Addiction Rx),7 - 30-Day SUD Medication Fill (1st Anti-Addiction Rx),3,PROVIDER REGION,REST OF STATE,Youth(6-20),2015,Q2,28,166,0.169,56,318,0.176
01/12/2017 02:26:00 PM,8,100-Day SUD Medication Fill (Refill Anti-Addiction Rx),8 - 100-Day SUD Medication Fill (Refill Anti-Addiction Rx),4,COVERAGE CATEGORY BY PROVIDER REGION,HIV SNP-REST OF STATE,Adult(21-64),2015,Q1,9,9,1,9,9,1
01/12/2017 02:26:00 PM,8,100-Day SUD Medication Fill (Refill Anti-Addiction Rx),8 - 100-Day SUD Medication Fill (Refill Anti-Addiction Rx),4,COVERAGE CATEGORY BY PROVIDER REGION,MAINSTREAM-REST OF STATE,Adult(21-64),2015,Q3,661,769,0.86,1941,2292,0.847
01/12/2017 02:26:00 PM,8,100-Day SUD Medication Fill (Refill Anti-Addiction Rx),8 - 100-Day SUD Medication Fill (Refill Anti-Addiction Rx),4,COVERAGE CATEGORY BY PROVIDER REGION,FFS-REST OF STATE,Adult(21-64),2014,Q2,227,280,0.811,411,510,0.806
01/12/2017 02:26:00 PM,7,30-Day SUD Medication Fill (1st Anti-Addiction Rx),7 - 30-Day SUD Medication Fill (1st Anti-Addiction Rx),2,COVERAGE CATEGORY,FFS,Adult(21-64),2014,Q2,684,3529,0.194,1291,6869,0.188
01/12/2017 02:26:00 PM,7,30-Day SUD Medication Fill (1st Anti-Addiction Rx),7 - 30-Day SUD Medication Fill (1st Anti-Addiction Rx),4,COVERAGE CATEGORY BY PROVIDER REGION,FFS-NEW YORK CITY,Youth(6-20),2014,Q3,1,12,0.083,8,56,0.143
01/12/2017 02:26:00 PM,7,30-Day SUD Medication Fill (1st Anti-Addiction Rx),7 - 30-Day SUD Medication Fill (1st Anti-Addiction Rx),3,PROVIDER REGION,REST OF STATE,Adult(21-64),2014,Q3,1357,5213,0.26,3730,14673,0.254
01/12/2017 02:26:00 PM,7,30-Day SUD Medication Fill (1st Anti-Addiction Rx),7 - 30-Day SUD Medication Fill (1st Anti-Addiction Rx),4,COVERAGE CATEGORY BY PROVIDER REGION,FFS-NEW YORK CITY,Youth(6-20),2015,Q2,1,19,0.053,4,31,0.129
01/12/2017 02:26:00 PM,7,30-Day SUD Medication Fill (1st Anti-Addiction Rx),7 - 30-Day SUD Medication Fill (1st Anti-Addiction Rx),4,COVERAGE CATEGORY BY PROVIDER REGION,HIV SNP-NEW YORK CITY,Adult(21-64),2014,Q4,42,158,0.266,176,692,0.254
01/12/2017 02:26:00 PM,7,30-Day SUD Medication Fill (1st Anti-Addiction Rx),7 - 30-Day SUD Medication Fill (1st Anti-Addiction Rx),3,PROVIDER REGION,REST OF STATE,Adult(21-64),2015,Q3,1365,5486,0.249,4096,16068,0.255
